x,y,z
-0.042375968202270325,-0.04534141083838541,-0.1795643172630015
-0.0290055286942395,0.07334703363284929,-0.1254212099056775
0.11285216515171644,0.049033951013842364,-0.06941932819309979
-0.0021548146095415003,0.16040911244909034,0.07936078735659259
0.01686152624425979,-0.02274298232985764,0.01566891505317397
-0.031220493861670206,-0.20887345872658988,0.2142278010634831
0.0394456848376399,0.04211978993844845,0.00622123702432114
-0.04565961152726241,-0.015456745160349217,-0.14592546220541713
0.2594781093419806,-0.11935821598565341,-0.08718061236870193
-0.008363606631497815,0.13398398698867547,0.01946891794428343
-0.08408598183389998,0.13181927427593546,0.09312008269856817
0.09720578535431398,0.07929285761742853,0.2614582120802671
0.2656728702047623,-0.0594938198753856,0.18641252330513924
0.08924469563855755,0.060669112340607866,-0.14320105713830686
0.0376142223371346,-0.06881829085411743,0.11083390951735897
0.16544323569108735,-0.19315818621071373,0.027826543629602983
0.17415824400181118,-0.0024301645899743145,0.10493839653226848
0.10067714528167943,0.05247093544180023,0.006902536227204284
-0.05256028299086435,-0.09166209079816705,0.10697128748156776
0.0745266345747745,0.008943413345486206,-0.004350966194197219
0.045487890813246515,0.1299060426212688,0.006515631853237364
-0.05473360836080726,0.10211552566549462,0.021554375655570314
0.08581585064930443,0.191157610542753,0.04198798830899333
0.11483256523894503,-0.08473056358613507,0.024079100810950035
0.1500365163149764,-0.11950244110490035,0.06813255735961901
0.10226178963829426,0.043146473714271535,0.15376593991587437
0.12865166836124856,0.18991581243183858,-0.04730689950735157
0.11174911094506113,0.053752685640455156,-0.05287139532145396
0.19665606642206002,0.281075545955363,0.054355448607672954
0.15431706750303664,0.060465372525169966,-0.013300408932659533
-0.07555675516504277,-0.015057191436473258,-0.07913577803511307
0.27954719314396254,0.04761530751484379,0.027470129157344994
0.20058099404889013,-0.049345114182680797,-0.01262233973639118
0.12090993148386354,0.16950627069952584,0.11623457058294488
0.14127837141471913,0.07833418068345616,0.10809165362074558
0.13885799343911404,-0.02849017310984417,0.07467799223338521
0.013472051245232347,0.08668946728997608,0.02400727792324793
0.3768263801526273,0.0787532936766175,-0.06634988255208482
0.11141434596848487,0.13892528509562752,0.24341247069132846
0.06772593135934182,-0.06692379908618334,0.1597617792211762
-0.00965738720384568,0.05211365287296767,0.054318031528980674
0.12306085717620634,0.16913410661777845,0.013718653853443313
0.10416135064254621,0.10335496248725319,0.09904387983596288
0.14271341678247715,0.1530203474497739,0.17047003705025982
0.17347492994487929,0.15948704741789616,-0.0701342285865597
0.14039759905668764,0.16685640212208422,0.1629842095471351
0.06718370169881621,0.0578447307115503,0.03468202456373226
0.1909829581713422,0.23204302309297312,0.053348083364933935
0.22893768072056864,0.14596975574732038,0.08366751837985247
0.11767830672208547,0.21330767610753462,0.1306558797768051
0.3669483138726346,0.058504019006959465,0.15191027030309767
0.08686689010511811,0.06193014093694485,0.1010153883986049
0.15381411150076701,0.4458581616224202,0.0856895225357839
0.027222046661501492,0.18657061673463082,-0.10135789764853073
0.13107306995038362,0.16614471257818053,0.18756814640262925
0.23752622188757472,0.11949885742167685,0.09504870864711681
0.06331228963234525,0.06240125764384016,0.14310159005017556
0.012190087448098269,0.13913160827545093,0.014596718124190361
0.19400395188590264,0.36615618788032156,-0.01404268216421703
-0.04691761403572531,0.17897243812256866,0.11968789771389396
0.15945932653629188,0.15230304043898593,0.10005619023757693
0.1734131721211792,0.306475084706498,-0.07338275490970617
0.09869557194890304,0.2293296133391121,0.03232651366305053
0.307491652893436,0.14994119280230167,0.12199685742539783
0.18861906588169955,0.15990070830228062,-0.056529176652313606
0.08864983066262712,0.32753063870706056,0.09644061745161628
0.04522587408956788,0.3227183999273283,0.09905464252982685
0.07706223595368036,0.2506653756225565,0.21120915509601287
0.3643131401011539,0.32401273161237887,0.2521201327749706
0.07346262372706522,0.1442691897434677,0.14437127310005043
0.13254727610843728,0.14456587518692715,0.12261068714973886
0.1593863340904225,0.2940086381808855,0.19257092748056936
0.14602831603819563,0.21280830137291268,0.09275408147925981
-0.005633248944690097,0.4475109673237001,0.14749118260807545
0.08895927861717036,0.18165967772001212,0.441713938380926
0.0011470546924692154,0.23713733297100897,0.1917338337787562
0.165389011743677,0.38127307209386907,0.3329130029290785
0.15272399315569482,0.18530570781551362,0.12845964164197599
0.12948477279403064,0.5031281682282551,0.016375608313726447
0.21540549859733377,0.31965830450004606,0.24194121168110622
0.0812479715656605,0.22274610608171408,0.23524743810029336
0.153043770747462,0.40947543623492366,0.16083169862429864
0.02362573626994026,0.16162595209442512,0.2461014909781048
0.12185868838578447,0.2261125167419594,0.11230879883650374
0.02851074580385725,0.17952636101989877,0.08639992850765477
-0.0426238130475913,0.2916555077383995,0.09630042033721388
-0.096512272508366,0.5401823088349336,0.29742624527509526
-0.01642756276986141,0.3701232742828889,0.21592068315630367
0.17572711799183355,0.26591316221410116,0.2853868545744188
-0.003168952168657098,0.21901135653233417,0.25059183410962793
0.17556032694859047,0.6161405608710839,0.06020765367115882
0.11110025631414588,0.32104648656898516,0.2605180532345853
-0.111254862319902,0.2403482230571166,0.10659670186753581
0.03813947692043756,0.3070340836656617,0.25209162057752815
0.12724592894722986,0.4355321896452795,0.35006695215427497
0.06031824828343528,0.2582290197675403,0.32652784154402414
-0.04773382105622286,0.47521366111989755,0.3495656138477028
0.05236536214271532,0.23871477199945568,0.10237297754321505
0.132755816770306,0.37547982856596074,0.20415354969041277
0.07002024643049208,0.4659853330534575,0.22607817943674427
-0.03319933075574758,0.368943587876464,0.28599008272933446
0.036429134346359485,0.3782312109209759,0.3104134335015163
-0.03854981062578263,0.32243615040958007,0.12830713431386973
-0.13036048239150833,0.3838899164270423,0.3295786340398255
-0.11995543589903301,0.4333914838248921,0.14253927364546687
-0.07255389698601657,0.26683429379216983,0.18815638729455647
-0.07308613566607916,0.4750403460423394,0.23454030353774927
-0.180860856178218,0.5324802885929842,0.23524451823641376
-0.04859962880907191,0.42606409985098753,0.16444047149399427
-0.054185162808982626,0.47733322805615663,0.04352864908366272
-0.13747470429323957,0.4069391732982899,0.24583728078964803
0.027994780429086902,0.3577840094140271,0.172426037540438
-0.15042951587790146,0.35719162605684346,0.18950557471299798
-0.030035303342420175,0.3342065845215465,0.2690076657415166
-0.28534229794304955,0.385558962666322,0.1952792982064296
0.04420277736088693,0.41616950831425725,0.01010588288513839
-0.33139514122256236,0.44886153675401413,0.29360931781122307
-0.10227299594257364,0.46387385231065953,0.35046019398480094
-0.20217657600746325,0.5381131945945606,0.0730347477335945
-0.247194867415917,0.2692679888342979,0.210753708171259
-0.1698897581761663,0.46257466754189025,0.24642857552895375
-0.2666605563518665,0.43317298435210494,0.09249757538166739
-0.0462990085205322,0.4227049846017031,0.1953556323398751
-0.03251666337489839,0.3295492997696565,0.13368753484304935
-0.3098905887868349,0.4475269342412176,0.291411411212008
-0.1352248539087071,0.7118854568473048,0.025307004830173896
-0.15730553798532376,0.39917448570500286,0.1936107373633749
-0.28920267906622676,0.3640400481177784,0.42270673771459943
-0.15209855248884274,0.45709208724019024,0.3913578315049563
-0.39673718280636294,0.3213816592961811,0.04046148503878949
-0.32463161320975836,0.47012418417414276,0.2705461180534937
-0.24900836080811212,0.3121716118429084,0.3425777365236644
-0.2492753199406687,0.5257248813168985,0.07498804650525906
-0.2514242007159273,0.33260273550962677,0.22653394101113006
-0.23850823604867502,0.4592645916855074,0.1831142702903364
-0.30072156642487013,0.2955924180496746,0.3852970098600999
-0.33131061327425515,0.5590050566165139,0.21961910356266795
-0.372598734139056,0.3689476036000533,0.3618916674435818
-0.40066515766091926,0.5078529333581546,0.23803103650934723
-0.5368176168182663,0.3841988270087697,0.16036745684199344
-0.34534492214652623,0.31983495618155683,0.37287779035174196
-0.36736764569198416,0.41856926413134554,0.34787149606104056
-0.2714014549522135,0.43157881559920575,0.2071642543293552
-0.5547246610623934,0.362049361426916,0.22456506162149012
-0.3761571804831548,0.39301031151997096,0.3570815854934311
-0.4576923426720003,0.4184958302588901,0.40868903460997924
-0.37173461220293574,0.4146747658261199,0.2320978480987746
-0.4787515624824633,0.33189880725646814,0.24019360771600434
-0.3493574215368276,0.39085544461517435,0.16131898935817315
-0.2575830550462588,0.44092701769027465,0.15760395824698134
-0.4880373374095757,0.41570708668641276,0.470759509630038
-0.5640887007721201,0.4977119033342763,0.44225094499953665
-0.5255364990556965,0.36764707109131756,0.2006733795669273
-0.4923754392964313,0.38683111677377996,0.37227130611454334
-0.3723299051582976,0.3105732057306437,0.11157580188570884
-0.4927483442043193,0.40943029341896364,0.3352520790788145
-0.5325194990504396,0.38704659907063393,0.4638567931475371
-0.47085575848226985,0.33153068296781063,0.26429453260471475
-0.5351360977640253,0.5266391902227079,0.29798624536369656
-0.5291926559724485,0.3086333597979589,0.4282166540625148
-0.34022851218749295,0.3956277988098569,0.3285976106988629
-0.5414656086222045,0.10564032389546821,0.3968374087508041
-0.5405875235494271,0.38021300462417307,0.2531781049159538
-0.6012347267346981,0.2893880247908055,0.4284886247336302
-0.609370480440551,0.5316729042489694,0.37141457022983204
-0.7076847924671965,0.3032740221186742,0.2651628181146888
-0.8080893675678569,0.46860382030583225,0.4026465865543327
-0.5437735467181047,0.3175324108286624,0.19613257746509058
-0.6538037217400322,0.37731371122237983,0.23121433335808603
-0.8668672572604923,0.26237799769560116,0.3241625829355845
-0.6082789188033854,0.3497039871885243,0.4041009215634612
-0.6039958727311319,0.38798060791999567,0.19044536426101086
-0.5873409778161184,0.3224698142297085,0.2203881157363204
-0.7958973101831839,0.17642485533204158,0.28019220209481716
-0.5779602650464707,0.18058435780908705,0.2627134965202279
-0.722034525802368,0.3447382905618882,0.35165468778804554
-0.6862383008100572,0.21253063329061836,0.48155838578500465
-0.7505416708483322,0.34555917296818667,0.37540398424650473
-0.6988431615406981,0.4543983958378158,0.2507924073764967
-0.725208145751289,0.0711899493165441,0.4536045554119753
-0.5278168662965823,0.35137676361784553,0.4827552356749608
-0.7232480893834358,0.13764052118642786,0.19524538511295583
-0.506499343771827,0.21067339331634966,0.31516867387741604
-0.5837283439656231,0.05594312071986619,0.4070285697886338
-0.7400873038340144,0.2063665557139747,0.36201101444975625
-0.8740469334880668,0.13917336728746146,0.47525678455790654
-0.7378413446638911,0.19808415989501837,0.26781942380496704
-0.743343594406487,0.04692103322819932,0.44907245838484533
-0.7431949044264595,0.16702394738089982,0.485147418992163
-0.6826340056839325,0.11382062320505652,0.2785571525272379
-0.7573480967138106,0.021542339313397836,0.3459739847099577
-0.799614947962047,-0.034945406765358664,0.18664852346898336
-0.8338829579683618,0.07043688070978385,0.24956667984163536
-0.7702193156885272,0.22903648822647404,0.4886920419116103
-0.6119607796149328,0.06589505011824015,0.5051393706870331
-0.8530440862551085,-0.05001419214061176,0.11647636977664305
-0.6661678752842437,0.1559578768602988,0.3370746678576654
-0.8141114150642472,-0.08608383258875515,0.43265974954214353
-0.6799527608173694,-0.19772341379415037,0.4373402494606216
-0.8236359023477869,-0.024977553073238547,0.4442977985658275
-0.8181016615898223,-0.05966525551774125,0.37901288364493646
-0.7053495719527317,-0.020535512144293618,0.42446075617613843
-0.9323603763566086,-0.11348627613451924,0.49427132043832184
-0.804161010457801,-0.02300023830036871,0.5830575864391698
-0.7065142486247018,-0.09306729830866399,0.3573094913888357
-1.0679500603838128,-0.13275234855530335,0.3778091608287255
-0.7755521787996187,-0.14493233614235584,0.3803739064687329
-0.994293298506962,-0.23725998439315274,0.46207951849447015
-0.646295680774019,-0.16682670031651436,0.44919752377382877
-0.7239376843802191,-0.2520601746123814,0.45509982274696265
-0.8942972374199407,-0.09846664665735663,0.4355607252155937
-0.7912271627300179,-0.2772649289456237,0.49312565838350086
-0.6131843485249482,-0.31392581333227704,0.39044852365967203
-0.7988352269991437,-0.14869306891963063,0.3704717978974795
-1.1053943030974964,-0.1056790849688882,0.5044790403868427
-0.996234292971904,-0.31668033350146846,0.587248673383163
-0.6767592030052358,-0.17644167817291417,0.4148211890364462
-0.8125885935406032,-0.2978329777755861,0.5472584127613181
-0.9075674734579798,-0.37980321009069873,0.537463895120038
-0.8232609793076507,-0.1759030832991796,0.37128721774038387
-0.8228883475516136,-0.42055697273982595,0.4411767085827972
-0.963593410460793,-0.39167966640070445,0.2988170559496307
-0.7444156551404719,-0.2858883090362362,0.2714181713960099
-0.6782283302067612,-0.12246235366195357,0.4510470851200805
-0.8732756098286282,-0.1044485342956436,0.31655159861819737
-0.8044379379020269,-0.3836135609244864,0.5849652124956919
-0.7674950601943868,-0.4661451702539986,0.35733401541365684
-0.8344064181760501,-0.5316876044744442,0.4592369864329227
-0.8531330540313812,-0.5951140971229201,0.5819710352939468
-0.8427029097055699,-0.5872370463373427,0.4416325450097043
-0.7820529280239367,-0.6497758939040313,0.49362522717303675
-0.8892917444160036,-0.31872018561828186,0.5148585136701359
-0.8199827207310495,-0.5790168355695808,0.453967693708102
-0.7138606550259639,-0.5217047437479806,0.44475058575278076
-0.764179509955222,-0.5941698882061933,0.4341478757841647
-0.973202011880511,-0.4510085190140495,0.5003502485026466
-0.8363037053063158,-0.37306834583455584,0.48117412051171116
-0.8566367484873456,-0.49178741319369856,0.5142792961254008
-0.707357463248963,-0.6345096755169202,0.5215260488542799
-0.7665131336782118,-0.5507616025634774,0.2879840330774146
-0.7769753284006251,-0.4485055555983839,0.40377373494045044
-0.7869514765238265,-0.679821202854395,0.3610018688936182
-0.9401046196980009,-0.6723213900892473,0.4980704268926502
-0.7169655093656403,-0.6779169491169558,0.4907905735715252
-0.6015993068478099,-0.6965636933974908,0.4310802307797615
-0.7238949626464307,-0.6335929931709726,0.6316931783448154
-0.7502268664422886,-0.6955564676830386,0.5263282366860884
-0.7780321914889863,-0.7172388590721113,0.347927108760285
-0.8467739334650367,-0.696340186349157,0.4581090223634182
-0.6404688751617936,-0.7484370700598807,0.40085849363211873
-0.6557848387279703,-0.8834839177397454,0.6395977363006407
-0.777154487361473,-0.7931669801809517,0.3982753436977777
-0.5745500963967276,-0.8200296955426617,0.45263783254238343
-0.5360447942318036,-0.7971200414779497,0.5581709511001033
-0.7090096020399581,-0.9535947821762769,0.5192293047125218
-0.6320144715832492,-0.763388072872101,0.5025196652442556
-0.5686174338939437,-1.0011517449109466,0.7013562064739381
-0.5942882311016552,-0.7816952960940009,0.4309053474925518
-0.5355477616185715,-0.9942325874253303,0.5617233003424836
-0.5901783479067795,-0.8733718817546252,0.5883159215315282
-0.6658165328182997,-0.9569267365849164,0.5662529486291971
-0.3204732893692898,-0.9143113683062668,0.5816361343149158
-0.5284789819874425,-0.7181382404307973,0.3498023578279989
-0.49556177349828173,-1.0866061417503987,0.27586936947285484
-0.462277633428928,-0.9216153779157077,0.5000448347543084
-0.48940349032106456,-0.6370683503802143,0.5047130167273871
-0.41429462416410506,-1.0229828965296779,0.5620557900365928
-0.4754186879747101,-1.0100566681632421,0.716424387754567
-0.3199330001499544,-0.9660941793215061,0.3061153429421398
-0.45957923457268984,-0.7200311009131445,0.5154723718745677
-0.29875682343093624,-0.8565010274741875,0.5624369321261381
-0.47863736601077267,-1.2543797553809068,0.610958863403438
-0.461086768099744,-1.0031740639034172,0.41956251058560806
-0.39107330591739403,-1.0271406535788927,0.5734059046509763
-0.46075573661723285,-0.9203233522183344,0.48885907007535134
-0.5012332608103252,-1.060192735987284,0.5539880814531966
-0.3020323334670315,-0.9221228276945428,0.5289076688789666
-0.31415378530180516,-1.1774656248329842,0.6366099048433443
-0.26766054946389656,-1.1177222907551763,0.3660890872100102
-0.12535254235190285,-1.2068168788392388,0.49943075762158795
-0.21746795817527634,-1.211786946924847,0.4112095827352462
-0.44901590647732204,-1.027862567429803,0.5080439380899303
0.07297319979808847,-1.2069737016066944,0.47241946222167247
-0.25924360074792385,-1.0905415307335333,0.5195462326880355
-0.1242433993233513,-1.2197676106115116,0.4304093967222104
-0.34789630217914497,-1.3510531047971752,0.5187636686230649
-0.18060110239602511,-1.1983556781176306,0.6969131522912888
-0.009962549547280333,-1.1749342269771557,0.3951824632553783
-0.17153713325336833,-1.207400046553033,0.5108630803487708
-0.16658248761072098,-1.2184466297969414,0.5399244169888026
-0.14215604797874837,-1.1376654735704677,0.6166174521710667
-0.1513096689986664,-1.0365000945620821,0.48457635239852115
-0.20352491117112192,-1.1303458804236926,0.5028437711431506
0.009023484761548725,-1.4133124780404986,0.7258321807348933
0.06289701876106206,-1.3272168600234262,0.44071087620396
0.181796969942966,-1.2548293021529218,0.5071721057173282
-0.19300762457056664,-1.2197866985023558,0.5698206311090173
0.12429368116649453,-1.3279267647892274,0.4425659153705337
0.11710201698793551,-1.0903455350268205,0.43948136148480826
0.1995280913186205,-1.1899507336755022,0.7077791325060632
0.1038300137179414,-1.448303102424044,0.5854038623689968
0.23644106817522675,-1.2875016678543876,0.5638061057118573
0.13248201468318915,-1.4898090016353946,0.7717393621483523
0.0797152342783749,-1.1506909264998304,0.5979364929917858
0.31545556443120726,-1.1617396250758623,0.5851161814565112
0.12026103219469866,-1.1233125375517594,0.4232664802151489
0.294193046566934,-1.31342383670631,0.7378409788082766
0.26579250563039275,-1.1391959932581033,0.6228134959970866
0.09454492617560262,-1.2894355121647538,0.6838555503777548
0.3066242450243821,-1.0846811035807535,0.6589460749223358
0.21351480441192572,-1.2814654274573416,0.6309123596729443
0.09905153410897816,-1.0332534093263646,0.6667972962603783
0.4734692358134644,-1.357054579663466,0.7490811406601502
0.5942586202306428,-1.3291350476204304,0.7037668061170033
0.39158998361370334,-1.3491985948925902,0.6779170258138156
0.49523102759538573,-1.252229465727041,0.747222282656153
0.26560165653474993,-1.3386063579241552,0.6462923721915078
0.45523346634585665,-1.2574531873086272,0.7155940782318233
0.5262050082423398,-1.0962971195879374,0.6243229931014098
0.5537919528499757,-1.2226403703744286,0.8440205076472982
0.4326893932979475,-0.9631581700632639,0.6441294353495814
0.39678857649323307,-1.0321400477534306,0.6552327814821385
0.6398273507112546,-1.041469298520004,0.6784402000591472
0.515839616817643,-1.0608367431466164,0.6467221973921061
0.6639656104120051,-1.3679801618728067,0.6933468203496339
0.5517986008438241,-0.9811206529445122,0.7129593854395602
0.6598753817509546,-1.0913103796649746,0.5528085673649807
0.8183965930151555,-0.9339392178051211,0.6939460057094763
0.8352352989724138,-1.1827710536662306,0.5769453000341586
0.7003479310929728,-1.0747872803362015,0.6192599905343467
0.7700230679978298,-1.0797129532309575,0.5608299831315552
0.7880403947237281,-1.0157152603657162,0.6798095944217017
0.8712585630764489,-1.2151707208062115,0.7114597068778499
0.6587099158392167,-1.195847324580082,0.6035735832928877
0.7011815296322143,-1.1298948345561959,0.6472536375975498
0.8986516372686668,-1.0975151728977213,0.5121080999937113
0.9483844438596621,-1.139061096816776,0.6668006299622098
0.8983593625614233,-1.0249936098621626,0.7840926294268222
0.9208144163866216,-1.1203389977178275,0.8945328940758428
0.9114299367423369,-1.0378474466146153,0.7750712209842359
0.9358920393574681,-0.9717492718660208,0.9298990805407493
0.9022467992001657,-1.0316615281709038,0.6943405338839291
1.055577963703276,-1.1384083777877407,0.48812909553703415
0.9082315030056538,-1.1386746136450103,0.6442035519341228
1.035552707294422,-1.0515440831757465,0.5460060310105544
1.0104330419443612,-0.8630631031849888,0.5211933468390294
1.1035498858121773,-0.8540984118692578,0.7881012029083555
1.1612265922454854,-0.7018046064278738,0.6590854898327891
1.0680061533294538,-0.9494943652951366,0.6968943811722778
1.227819175179206,-1.0278663301213498,0.6125937314821411
1.2295391439162613,-0.7765478173788425,0.6643875360189929
1.1943508026472007,-0.8292911960175182,0.8527301636028015
1.133245461659202,-0.7453882152733331,0.9689058957539667
1.202276703388598,-0.8272373077336344,0.7789514052288046
1.1223934464189504,-0.5772749280808542,0.7267158124783069
1.1478595126347662,-0.8832279834676816,0.8204327298713545
1.2778736141063463,-0.8326707552858357,0.770357847224955
1.056066207908421,-0.7474064945062074,0.7599903499223841
1.3931808515578439,-0.8256489191849419,0.5888814538364842
1.1481845487310864,-0.8645859891569284,0.8523844544946171
1.407618477353434,-0.6809716605071479,0.8428502152892355
1.2809196861798895,-0.7042743116059743,0.6894189608173465
1.2509905648176127,-0.8310224548460554,0.7511502010854586
1.2922330744227815,-0.582898480928594,0.7360790763705877
1.2939584061799234,-0.7254630927858935,0.7359440524109049
1.3977348989919838,-0.7333078901909663,0.7394781060988046
1.360612595985589,-0.6711357192603736,0.6739471022419328
1.3734759318901297,-0.6927558250602253,0.769727106259674
1.2736901340785178,-0.45294635224863855,0.9705195112755668
1.2896596138557017,-0.4853668316832912,0.6660645482505368
1.4920343167616432,-0.6446117329720137,0.7887994165835119
1.3125324419721973,-0.5178295793300237,0.6396402152280121
1.4936426784139363,-0.5596260106030335,0.7999411706779275
1.388253064090526,-0.46592846033832214,0.7615223374867597
1.357409739659646,-0.4117590136021216,0.9017822051841898
1.3663814074383371,-0.2936954193401896,0.9005605140995292
1.3728387158822681,-0.5342338543797965,0.7829488427699293
1.4096368281370066,-0.1794964185449266,0.758235508804738
1.3937365081105197,-0.4584826485759848,0.8657472526658399
1.4260679692661247,-0.3165806969334785,0.8543390332700068
1.4436371269269623,-0.30254566021083085,0.7591039197785087
1.5689143984987728,-0.2156653493813368,0.7407513896372799
1.515104025889664,-0.28850806302902643,0.6170035240728202
1.5422904493055056,-0.03851038909248164,0.6783948526976605
1.4466486805887406,-0.29101650243690314,0.841227946641081
1.5758475918455435,-0.19583222390013835,0.6789688646068742
1.54690638163899,-0.31230185719074377,0.7871154294585221
1.631109305635667,-0.2566531766418735,0.6215229470918083
1.7078036711198477,-0.16824131819582122,0.890371561371159
1.5399744185957172,-0.09863751818619015,0.8226200487284433
1.4720964261579188,-0.04441978628596498,0.7426318392983714
1.4331735519261715,0.000994198753214777,0.7564520020949912
1.5538481899830483,-0.12871798667293002,0.9439248215610652
1.6611478961722557,0.11389603742237395,0.7562423165426186
1.4040789604005375,0.2380782877160216,0.7826790379882019
1.5052300519023845,0.10989003603853134,0.9075028695911205
1.5805069171553452,0.22160135974941797,0.9010927866444797
1.4774622099613597,0.05200277733232879,0.8905485111227716
1.315711206541168,0.13017142992601854,0.6537136766343297
1.5407704681218433,0.1410606961552632,0.7629743610080479
1.5342319427664761,0.08713771247927914,1.0299919274826694
1.7768130172752497,0.10663165229619273,0.9610144779331595
1.5503033533280643,0.26181298861406255,0.7984774088151132
1.5240303816185599,0.3733983477677485,0.8193954598644726
1.5416757406664168,0.1707288727812676,0.7194493074368967
1.4240869544012362,0.32863362710852617,0.6911442515823712
1.560129712086396,0.49068653898171916,0.9327427701049714
1.5814839721664629,0.371267420607268,1.0028022697569157
1.6343767778827516,0.3735220361332414,0.6742150051047716
1.6188402227439982,0.5155818496479014,0.7556536663674545
1.6052858875841687,0.42265164961317137,0.8024175809009206
1.3236559600748976,0.4631957419810562,0.9197597530636282
1.5051292953106667,0.5169894660722878,0.7492297541556328
1.599703046331583,0.5164381162304525,0.7329026727586262
1.6918605312218995,0.6573204912123749,0.7683381524360113
1.6028872584793494,0.6444811516548616,0.8950609543319484
1.3777419027131925,0.7176816103991377,0.7758629365402597
1.5049993953795213,0.9070509929970991,0.865022172906936
1.495320005338606,0.44892859114927397,0.9758132502314725
1.392156580549315,0.5952551721421432,0.8057036089300539
1.6605992422179645,0.7990023766199366,0.8250570898568149
1.5416231233132403,0.6876498493970605,0.8568082117993779
1.509519029801501,0.8704986061835749,0.9415626570887398
1.5425304909681956,0.7632356381500476,0.9210290762858595
1.4744397661393023,0.7170357282458217,0.8085200696577549
1.482150266575474,0.9419059177831746,0.8324980336351355
1.3423965103725677,0.8821084910948888,0.864198456858508
1.4710777078469068,0.993856671725701,0.9567471788638446
1.381810193724999,0.8655679918955824,0.7528369857613095
1.4994111092048203,1.0972471959414756,0.8273506660679665
1.3932469552101232,1.1240887333453935,0.9114166461823616
1.448437673582211,0.8832189879558701,0.9307356697908047
1.2988897266153745,0.9136560825618074,0.8301877071881937
1.3197801869065915,1.0294853417659602,0.722768703414375
1.4603658350220972,1.1888333585307502,0.6741346214547874
1.4480253127225957,1.0192559690612422,0.9565684245691495
1.3286028599644044,1.1272476729079848,0.854363107930751
1.4415032530624878,1.0242822989912321,0.9356589087483758
1.4148433461506107,1.2435483327721732,1.1093467683092186
1.2358152813538483,1.2911128395293414,0.8682698153447368
1.395632411306864,1.2178688938332627,0.8420933026946339
1.3860658048593968,1.192517065142263,0.7416103069928273
1.1865284576084063,1.3263847074314983,1.0240887600435942
1.2316714003298719,1.4188746548178561,0.7510693947391275
1.1581712918606697,1.2805290839626196,0.8774329461416369
1.192443342673029,1.4005602213399235,0.8464102070738418
1.1790734868868884,1.3487830605560052,0.8003039025037779
1.1345445984106046,1.3604921702607278,0.8783868383945903
1.1294354093569423,1.4037177023698686,0.8536673789861638
1.23349041913573,1.3002169118993496,0.8268018880519092
1.3637899395801714,1.3340958678928596,0.7655254334299251
1.1384350208254146,1.250621502014631,0.879375511905659
1.2583868580645627,1.323979942931011,0.7067084563310336
0.8723307501791053,1.588144268965117,1.019384578905488
0.949066339030702,1.5861522835506958,1.0479344416601077
1.1567725316200623,1.5124014863966972,0.6807637391439122
0.8733035927927892,1.5132331566981434,0.8870190332550738
0.9136047833715679,1.6863496037527683,1.042357757583673
0.8918730792035842,1.70251668914695,0.9526830535800258
0.8917962027537235,1.7011857184393548,0.9261441237427105
1.067092397812484,1.484201956806987,0.8694038310117191
0.8242907687316496,1.6891424830999189,1.0497189716332318
0.8098051884701667,1.5197645360696674,1.0091763145704253
0.8627197354804218,1.4842219234507272,0.926546513559847
0.6028704473948918,1.627986904875338,0.8386480362326489
0.8171594721906656,1.7217972121077885,0.8023718308553281
0.7982813233918387,1.5820078496571512,0.9659443119800273
0.6026145991152067,1.7037012074186186,0.9853620097387734
0.7096067280839894,1.8884468303568247,0.9287115669697916
0.6612642550000865,1.7250520896783086,0.9571379272012187
0.6474425924992969,1.7726600879298566,0.7605658925316913
0.6092396183381096,1.8321963775443697,0.8749255953081478
0.4199824736862777,1.956155859088994,0.9940894960343851
0.4975783164960269,1.7072656758229803,0.8647654641048124
0.6225538804392221,1.8467043328699324,0.8938902422488784
0.514822046611837,1.7630305996376268,1.1010352539789887
0.5704480998764629,1.8089034497558627,0.8900859282498669
0.1444331625233688,1.7180465363628241,0.8210079774591793
0.39061443123418466,1.8437735841826128,0.8224234082154328
0.31960544301589516,1.9366669700802388,1.0117428939505178
0.1281659506506682,1.8825826531448318,0.8226268832638
0.3785088948182337,1.9826344316755495,0.8731602403305171
0.18173378549022318,1.8664346284063704,0.739685625491831
0.26174404134814916,1.8931450038466697,1.0639844752237528
0.0879293437188742,1.865907814359788,0.8183164431650575
0.06678593984971266,1.816531148627541,1.0705683388556155
0.06666287558029634,1.9535709268981214,0.9348966325867925
-0.021346347365652274,1.9302584018617888,1.0348853081613345
-0.046219791150033745,2.033442312104915,0.8920048848292073
-0.004933557335157587,2.0105459893621553,0.9126353632570302
0.01579166553553435,1.930455971425493,0.9939177816513628
-0.2575017219640716,1.7829017886146135,1.0445796835876668
0.05270507687567937,1.8782606882587758,0.9605821497678716
-0.05324151334757456,2.041562043953653,0.784219259819902
-0.20312475994648238,1.9414020030083878,1.0593030087125939
0.10341635615380859,1.9537650854005455,0.8502932447805921
-0.13819618237415948,2.1100544755931585,1.003794405090943
-0.30116610795881765,2.0746246473118894,1.0613495568448386
-0.34526113746310555,2.017317021959701,1.0967235537628843
-0.15668090384146288,1.9723554899441458,0.9631910543810671
-0.1844159062592916,1.8572849926095487,1.0448589300931017
-0.47646727966913727,2.0836122009289624,0.9771984514418869
-0.24496694790052478,2.024460542954185,0.882682981998812
-0.2617538143192588,2.1281580790723513,1.0952356562669285
-0.5127886468888614,1.9396146044143605,1.023551730749585
-0.5394273873806124,2.1360999806635763,1.0254436581836148
-0.7718220753242528,1.9969159621117163,0.9781972733312817
-0.541406474257273,1.9216982379075707,1.0957196566756837
-0.45435837169856275,1.9819091684146652,0.983085898303201
-0.6028521134817402,1.9500706695931322,0.9387760150325353
-0.5731857878600988,1.9880844149613823,1.1750651449986884
-0.5378640309071043,1.8669443727056447,1.1050528604739196
-0.790765859147956,1.997998700167812,0.9733636051490142
-0.8302095513527983,1.948765478824472,0.7595703142116128
-0.9351287153788381,1.8948290738907194,1.0372732056925131
-0.8290341954625974,1.7459139973963305,0.9492418468171806
-0.784967777519222,1.952777550809118,1.031410721273439
-0.7402979462959384,1.924543688780308,0.9602894696392138
-0.9158213512183027,1.734185485243701,1.0262231379978952
-0.8082390941276784,1.9321335126586046,1.1792399716309512
-0.9812948596209434,1.9868121139007566,1.021710618396244
-0.8352751570092186,1.8380804070802528,1.1137661804234706
-0.8662108955518133,1.808454825448924,1.0668839437994624
-0.9159763853263855,1.8014977315660103,0.9149578187964309
-0.8615457490176189,1.754292560581629,1.0649246541428032
-0.991063658270653,1.7263627735729545,0.9502642597288381
-1.111933638034281,1.5933217296839377,1.024262445366261
-1.143262760053721,1.7305274368734356,0.9007099607364804
-1.0386153698904752,1.7522479056979114,1.200172268833231
-1.254101695814952,1.6377448697114654,1.085977151084575
-1.27953116559975,1.591304872548031,1.2080394869398108
-1.3498144721314018,1.5078749139771626,1.1958796684587965
-1.3674240306040955,1.6134280431538965,0.8885263063620676
-1.1720698418113362,1.5270625128743784,1.072912015137632
-1.2838259368347935,1.6794767275037594,1.0631036378698497
-1.5739240231251974,1.5371245513307004,1.0898511048753234
-1.5108811146050745,1.6187258844170072,1.1412474139545872
-1.3640478466138286,1.4555693232409652,1.2947396805729705
-1.411404186007327,1.5573212447191207,1.186030735384741
-1.2791763344062121,1.3924379433896166,1.0565528148299437
-1.7808277731484727,1.5339082523312257,1.1176205052735952
-1.573862370100158,1.427042846807789,0.8781316314642506
-1.559240004309235,1.6154169701291032,1.0259832395117419
-1.5789119213658456,1.2899650208183566,1.1328083934563384
-1.6882497384932675,1.3469767448366181,1.013052724967476
-1.7139271025145475,1.4374388055421987,0.9598747709715394
-1.7395846080128563,1.3705679090637848,0.9831891706399072
-1.5451583019891886,1.264432805589246,1.028151403731746
-1.8472439734707207,1.5042503995174425,1.152387619957045
-1.8672894096894568,1.4092036116350897,1.119168968527987
-1.7717427123802316,1.2378742244150172,1.0261595024054038
-1.7871423232964683,1.1911236718142286,1.2847786660606135
-1.9709042544090092,1.3721331544079467,1.093973220225325
-1.8367204944868376,1.2742987779439467,1.0440821776066633
-1.8024483331468328,0.892280525881952,1.0371101557869153
-2.003106289631133,1.0093286842612306,1.089615627303216
-1.8935272265243515,1.1761883338735961,1.137200788833154
-2.019641897176422,1.1136720425145301,1.1275436846002
-1.8799982043107522,1.1249236215199716,1.1201647585091798
-2.0834142621224627,0.9520125759934971,1.0641401831553159
-2.044847631212577,1.0138150896322413,1.192638560133927
-2.037604926549941,0.9579566485387783,1.1374537536231235
-2.1027889018085335,0.8327777110896349,0.9495813353940541
-2.1389452097936372,0.94124999262364,1.0568359833231702
-2.110962915792741,0.9088500497834362,1.181198078771396
-2.2124010243033303,0.9298446329175332,1.2438661400666797
-2.2342055074241163,0.7153545457448576,1.2522422014477523
-2.1521796929496975,0.5430353051542248,0.9951669846618665
-2.1782000563048602,0.6156667204333803,1.095794760073493
-2.165281175027149,0.8448451486994959,1.1100937475163604
-2.076007404993692,0.8078431339598946,1.2845721080763488
-2.169004258923031,0.4346923770040346,1.1892256296835297
-2.1063295908335093,0.5886836244852762,1.31960353215267
-2.138342322577409,0.6191098145893861,1.255785218267731
-2.203605668518457,0.27822499956753566,1.0992352540021126
-2.129298469933188,0.411710351885149,1.1288039006274573
-2.365022067517352,0.6355735772711681,1.3213023988949546
-2.3598940678309552,0.4363799735014579,1.0871057503787502
-2.2204222052813063,0.4368530837109327,1.2383277143184837
-2.2585703713639216,0.6434345613517402,1.0563667826580854
-2.4720996011867933,0.27437755322365287,1.0043623346051345
-2.458989632444466,0.1771402020248055,1.0709442726200005
-2.413332175377996,0.292480197755954,1.1145462590566315
-2.3433674765237478,0.2932789196593707,1.0905349146890244
-2.3588309766626763,0.20344892893966615,0.9750123891071472
-2.57723818639022,0.16433122330276534,1.2203725992278611
-2.1381040674708442,0.10821421002848672,1.2551471448989826
-2.369255453580774,0.08466082272862892,1.3419008593501285
-2.5666898598224623,0.05869079657181119,1.3907358501849136
-2.330066596178242,0.1446448448966728,1.116257964226235
-2.364848184104896,-0.05492461358377142,0.9594220732453042
-2.4812256914956645,-0.2059424875317481,1.265389790986436
-2.279345367539577,-0.10193268574789074,1.2675954748707556
-2.384514080339996,-0.05231810001709705,1.1880660314503944
-2.363234442473739,-0.2373291287999103,1.257634236952832
-2.4114434004330807,-0.15145900855923242,1.0779762771195904
-2.4788966571275086,-0.21875540295925897,1.1843387717348919
-2.4134525681726426,-0.2369418088454664,1.1344690537865867
-2.3865170333995405,-0.22451773577682158,1.3511114317782622
-2.2070640241346244,-0.43117933214567244,1.3222694896976463
-2.4563780559014208,-0.5322063294285608,0.9661556159387651
-2.1907455732752767,-0.5664761287164095,1.190549945228497
-2.4449840094510455,-0.4491262500653168,1.167641839133471
-2.479721044897029,-0.5130333608102936,1.0638342047261842
-2.4276355141705945,-0.8064272341382106,1.0668133979894485
-2.3200647917840977,-0.8307021195668007,1.0630966387490397
-2.33154409538662,-0.7270804860290712,1.412416876809144
-2.140673489708708,-0.7979339891202655,1.2709289770555634
-2.241257163934155,-0.8092518000617996,1.067663063567397
-2.308903936055013,-0.805080421245668,1.1756427695221574
-2.2542977060712985,-0.901080051877923,1.106021466463307
-2.2778434350402272,-0.8255301366268473,1.1055587288332178
-2.1855326282349927,-1.0791936434761429,1.1674138793536608
-2.293100872762145,-1.0036741210046733,1.170721179872108
-2.0685202018755633,-1.0629237202122592,1.4733514014764206
-2.19961300723773,-1.0062802070497634,1.278855266569998
-1.9774026270959368,-1.1523517888974877,1.1211914413395943
-2.2923248724944347,-1.0871308170045608,1.0626581227539778
-2.200421940867603,-0.9581784640375758,1.2523779762997151
-2.2171185858432043,-1.22636221011502,1.3290904096943956
-2.2550060325438173,-1.016734058572833,1.434577216012677
-2.130701082566639,-1.2391567162165131,1.346309224067399
-2.030232737949067,-1.3550296040211411,1.192589731931575
-2.254669277132579,-1.2697324470548788,1.3139100355929365
-2.2395372383764096,-1.392140274870971,1.1145238574911143
-2.175925841871372,-1.3272627327106714,1.1779030445834233
-2.0970237118667128,-1.5805919872116188,1.2719522742257197
-2.051660970251249,-1.5259951830489218,1.2363538254870077
-2.0088973094481553,-1.5695563701492368,1.1096310028570795
-1.8254666941136382,-1.5860888041197576,1.2495832489405703
-1.8834454001402543,-1.2042595469262105,1.1368126162723746
-1.9174636723992362,-1.6620253001432488,1.2093842328055922
-2.0118004585546703,-1.737632019165505,1.261136129086799
-2.0639824596364686,-1.5638636858859847,1.2727675608706048
-1.8504660990396884,-1.7383127742907067,1.2325488758480945
-1.8395596504114706,-1.8409101377037054,1.2354722278299377
-1.92931761277277,-1.8460250103491964,1.0622894492107091
-1.683902502963699,-1.8577272206623985,1.3916128807916301
-1.6848785812606542,-1.949411029030627,1.1684361537099928
-1.5090791565636774,-1.6770790807588711,1.276127427946469
-1.712218170003521,-1.946230315579115,1.3245165527013152
-1.7819596531143673,-2.116958992501094,1.1511277046321782
-1.679883852809626,-2.0570028568371583,1.2785575387939316
-1.7606824677368942,-2.0518893372291296,1.3726038179286066
-1.599169166788593,-2.003954296175686,1.3771856865963545
-1.5460410506633893,-1.8872324218647534,1.2453053650597772
-1.606740294064517,-2.1904585433143677,1.2503952215560512
-1.4364714144953468,-1.9583567878122041,1.391325812103962
-1.6810425988255666,-2.007589124536482,1.1134454349700902
-1.3799969214665682,-2.179761699820177,1.3695526306926848
-1.5707559492280954,-2.052468935184098,1.1548038266908125
-1.471583421290211,-2.2955119355743636,1.1278748180210534
-1.3620436302037275,-2.040716237936918,1.571995827537306
-1.3280783396369398,-2.134777290257488,1.330516771100161
-1.2537497847334091,-2.305269942169914,1.3288170018515695
-1.2152887985036704,-2.3529920147585903,1.3035618813220125
-1.2398404917512726,-2.236070011415496,1.2067100961505453
-1.20368276605293,-2.1505395841023667,1.431721330573909
-1.027720107691308,-2.3617844931994285,1.3494170736859197
-1.0261105503667516,-2.2301398246940085,1.1241590280310307
-1.221169559827853,-2.276601344548957,1.293632385744441
-1.1196924319309867,-2.553777558350037,1.2678216531689124
-1.1552645528281789,-2.2394958478426576,1.3230817201272678
-0.9829511131625228,-2.4094624497649706,1.4235618442539844
-0.8443257838367688,-2.379986843866841,1.2662447742502436
-0.9300989949531654,-2.428932062792631,1.2785924251673693
-0.8618690588704022,-2.483845641792473,1.4118518415643708
-0.9998302523018451,-2.4695283163055324,1.3119629295501627
-0.7116872564461028,-2.4799782664208525,1.4981288434492532
-0.6071351938808259,-2.4390642801361926,1.4837063712559633
-0.6730765138839134,-2.585928318927325,1.4286230496591747
-0.5884362685952241,-2.634848268248936,1.38382568422417
-0.6242899441822041,-2.703493406426139,1.4743914194829801
-0.5741122814516649,-2.4267457883526338,1.184798120327364
-0.5938880625335761,-2.641221787090357,1.4630874591122407
-0.45657749817705334,-2.6256546996273364,1.2386249720959366
-0.5702793951764857,-2.6360099113808504,1.2169427539715174
-0.4655908168557902,-2.6290641580865093,1.257122928127678
-0.20945268961979382,-2.566990059030523,1.2002153575235273
-0.42058869532096677,-2.927516853157953,1.281100223104546
-0.20786472259627692,-2.749207202889507,1.407441085722958
-0.3936884752769978,-2.6362175894185613,1.3078524405705283
-0.19699986635458974,-2.7328146503422213,1.2382105132761372
-0.270108302246761,-2.6335705434671395,1.407266583117537
-0.006210246843160169,-2.7040138619684693,1.383668432850291
-0.2400748221809933,-2.7689493314027867,1.3686329393309968
0.171723869794936,-2.677949809229083,1.5269794915443262
0.08018812721069166,-2.821805172586388,1.3870877969903606
0.08820093370237345,-2.847913263450338,1.3389386397180854
0.08825773294554887,-2.5960491527891976,1.1713053268402815
0.27377237185867054,-2.8521919387103583,1.2441734626544199
0.3156295993726036,-2.686509197631207,1.5088352536215024
0.3222276660702704,-2.5541840496151367,1.441257769079834
0.27109746365008375,-2.725626245184425,1.5117343002219839
0.2534494107074561,-2.82413688154855,1.3584933879295986
0.16561273780139,-2.7434463378321987,1.2027785209962887
0.4260916328169268,-2.66830677056131,1.3457057473290097
0.6332308182702507,-2.8977414031704316,1.5145214635585786
0.5777735116289446,-2.919422983288463,1.6684768273014507
0.5486210620664933,-2.8309681547241747,1.2586906799209978
0.5777129161390088,-2.7506314460765307,1.4116659542553678
0.6146256810260783,-2.6685095034277264,1.3646404201370788
0.4955589931073281,-2.73997928009402,1.1686576400680777
0.7690301658889853,-2.8154538161997453,1.4237434428989875
0.9095939296026534,-2.804148833383895,1.5155350352606212
0.7793044597610675,-2.5249742998207756,1.37489615009159
0.7829627727987852,-2.621859730507262,1.3698344404510496
0.8271354495957219,-2.72792786619317,1.4109547621971152
1.0896544177531786,-2.8623841992179875,1.4197254833124595
1.0619584385628913,-2.637734274134846,1.550405936362773
1.0359288892457519,-2.662911269449792,1.4806543761227557
1.0970418174817576,-2.6701486005034125,1.4750378273820612
1.065444300502455,-2.678153170522422,1.372626023248864
1.3094184399012536,-2.924342664360067,1.4669873109037217
1.2207688337356186,-2.7548134088028293,1.4604021073430296
1.307950765726838,-2.511529648694198,1.1662486251269364
1.4398402797454857,-2.627318638452083,1.502090208108751
1.4199144422763963,-2.6235527703655026,1.5014814306705906
1.3496315423818874,-2.724648279608733,1.5542116299902153
1.3528064024697293,-2.583879719950605,1.3991328526357671
1.4994090207728503,-2.4843726423826995,1.4962481339121585
1.379843502372784,-2.5323981821556836,1.43184373621129
1.7449091648351056,-2.448356956205042,1.5539676718116087
1.6000131627684973,-2.463463630285561,1.4227750050360035
1.620050453661349,-2.3321650529757285,1.586910576207105
1.7132812622673925,-2.2505675998851555,1.3549724776884828
1.6759453113183769,-2.4177695216012465,1.4848979125409385
1.7212706555161208,-2.2477485073132,1.3623552842922113
1.8008792453149403,-2.226753841233432,1.2509271799533965
2.047789092919997,-2.2978008091007127,1.2569554680918422
1.890114031040707,-2.239524469114137,1.453272023504212
2.011720070421054,-2.1408499618481716,1.4932510825658478
1.9955193264102056,-2.198103825316943,1.6430145503894704
1.8400823740381673,-2.145129831929487,1.4739699305863454
2.106412640565293,-2.2142667106854153,1.295102209229816
2.077423021535806,-2.0719098955713267,1.6204314124162362
1.9709233013590604,-1.9540866673482875,1.7102149098761856
2.0959537283238854,-2.167551205958198,1.4347780388381384
2.1704427006690556,-1.9503635236531367,1.4183380044936726
2.3594047656672217,-2.0858719850455882,1.3055589642621994
2.3489189281925884,-2.1689553227234812,1.4610685045942098
2.583888882217013,-1.9091771519589775,1.3714067184138585
2.299753565456604,-1.8789448283662953,1.5015504795207972
2.4045816677685874,-1.943087635665719,1.6562422930111669
2.3952083372509776,-1.7312363150484453,1.4266745495139252
2.531146222862741,-1.7937953807420521,1.5192467428408445
2.3404682585675136,-1.831400900813181,1.5623140241387818
2.4201391119245215,-1.7801589515278988,1.4311771612927926
2.5645565390629104,-1.7202089354951857,1.485732004337281
2.525756513776733,-1.8110366079892428,1.3523868589621477
2.586895793795383,-1.65447791420324,1.6071739926295432
2.6783755605989907,-1.4698168460316652,1.6854806822347634
2.601216295159233,-1.4372986776783914,1.4470654078459024
2.881987218843331,-1.263780190720365,1.5086955509592868
2.7020197003116775,-1.2856832707470585,1.4947955590280988
2.623686740006421,-1.2932057340007093,1.5193554361198784
2.7330053959321687,-1.422555291778272,1.341746298677174
2.763037390968514,-1.2066968872688864,1.4929348406079113
2.907135506606718,-1.3252010062232848,1.4120470720209255
2.780183096869153,-1.2202462693514733,1.5965163926530417
2.7321597036229637,-1.0319267321646606,1.7182132177723468
2.827820001638706,-1.0000960538565533,1.4178738164609976
2.9606559705828914,-0.9762626187973489,1.6118692535445134
2.8722905095105182,-1.3319411042259737,1.4633548131623146
2.831274568760002,-1.0894811365985593,1.5417538299842362
2.8712884554645655,-1.0288805843647528,1.4256515167067494
2.8602445045490965,-0.7886684638552808,1.4674310280707843
2.8981985767100977,-0.9005334872480006,1.5694348869164776
3.0124931227952234,-1.1130322595888376,1.6397010589202983
3.126953403210432,-0.8669569981338161,1.442309715066056
2.9540061809361187,-0.7905907801713745,1.5639342289362022
2.8193543799285736,-0.7795270181138283,1.6974632635610343
2.935414926507195,-0.4958388150465072,1.5810793651045592
2.860789133270381,-0.508811384721114,1.535780817328262
3.008891674428898,-0.49973840679002796,1.5970128981062288
3.1371582464072176,-0.35803777065257125,1.592365142829387
2.9400294531521687,-0.4746077442042941,1.8478583870804157
3.160463976056242,-0.14145798774374727,1.695098963775474
3.1218405852743483,-0.29916517248915825,1.553899553569873
2.932744409872259,-0.278208314224673,1.6806270148137792
3.054640032532675,-0.18932534112951777,1.6467206661508813
3.0309256963337945,-0.22597149774501957,1.4617724145158477
3.0461735160834054,-0.2597478865948978,1.4755207194277629
3.2760348917043816,-0.17251947021785746,1.5802134894736366
3.0887010907456642,0.08707939528358595,1.7006857992299311
3.2294896921729026,0.05010697277484839,1.5484656178874816
3.0271829323735053,0.26427036966704054,1.4976062717983183
3.215212830156481,0.2264082878118448,1.5200475258850425
3.254314635992125,0.24750456030334436,1.750373961115754
3.104428840588329,0.09321252578628211,1.5290306040351285
3.172281593493165,0.27840692915077137,1.5422377919541264
2.9596898372305125,0.3704785385860433,1.7808180314918036
3.1954267995694066,0.4352329916170426,1.6428301162010959
3.1862755549915653,0.518406575779402,1.6271249557061542
3.112048088736503,0.39657964584370897,1.564692224061522
3.1706481801760003,0.49551345936134616,1.6230254599047345
3.1782431942112903,0.6613741868910354,1.7218730904774917
3.136394634275664,0.49819092378146396,1.5610851859136765
3.1264380759854875,0.4962684413635082,1.7364640496078458
3.1288794253144707,0.7688082660675676,1.736152245852226
3.0434089460567155,0.8388422795032325,1.590615189291408
3.0789680297111053,0.754907882870066,1.7701639249722563
3.049952424667517,0.9526729938683255,1.418104866858412
3.1947997722791817,1.038444016666672,1.6173510186373379
3.042578716387895,1.0236025847798285,1.8384886756976384
2.876595886080946,1.1120548227102083,1.5204498813962215
3.0377500765964127,1.0591698557664628,1.5707817878338382
3.0246949708425785,1.0204892939607908,1.7185336592284124
2.8315055694985656,1.237660640131669,1.5849640323641605
2.8781866217104333,1.2535160412644184,1.4639245109489718
2.982792543770036,1.1403857758729503,1.667748830053405
2.869112667335398,1.2867586068983485,1.6530185624179399
2.8662091677830093,1.375021486447459,1.4742425755011404
2.9876564291826915,1.6060310646414868,1.9068485144186238
2.9139846789624873,1.556830430976939,1.4515670623388806
3.034637013364445,1.6038383855458795,1.5832382871365085
2.986777534479665,1.54869531978399,1.587831115332178
2.8884926348541957,1.5154434751364705,1.7377981120756305
2.712467540065345,1.5641048261186346,1.5466686587968042
2.8703356915265252,1.654446357822224,1.5048400612029227
2.7093529572999073,1.7596023344632097,1.523544393275203
2.629508752632931,2.020274907822379,1.557587103262255
2.6863539209238856,1.8184032996564656,1.6035099648686015
2.7540044821810072,1.9955531037692813,1.6170522044944884
2.5406691700837385,2.0734118530858123,1.6401155405299812
2.809037310086202,1.7662426749624052,1.6711919737799839
2.7988004443747614,1.999899973583337,1.6311043113201902
2.6066780413834465,2.0233509692714886,1.6244484624503823
2.5127908412289988,2.0600591190571924,1.7805433126777135
2.5613902987019834,2.190988655637864,1.7405167603486713
2.456828182273295,2.1311716995220773,1.6013992312002059
2.4507011324469867,2.1448664715183297,1.613637562004996
2.3654548939524394,2.504955937624767,1.388284171672274
2.364940063042493,2.5062873763533005,1.679852114080913
2.4233782913000055,2.3844113231108746,1.6029363315480216
2.0882859783256995,2.43516607543103,1.5941110112114325
2.196199266609563,2.4043829353165287,1.848159814336023
2.4797938927884737,2.5151212797424343,1.6291989532845028
2.0839950103067983,2.578819446675894,1.855968237684192
2.1387295915431803,2.332065459095661,1.746684646861232
2.2230965213555396,2.4488035119816365,1.699330100047977
2.130127683307346,2.6369125576705996,1.6046065917751484
2.14641180759233,2.6401216729252432,1.5371670694156925
1.7990571616610849,2.8421711890099353,1.7493540853347995
1.9713712476254919,2.707064811145507,1.6367898482693768
1.812961689486812,2.7423215546677673,1.4796829701796743
1.8042922328695228,2.7881065191949226,1.7546816984127356
1.8306807624953452,2.9317736882025964,1.8306092062070387
1.8966867581428621,2.9317512176991474,1.6988839656157761
1.6484189557886286,2.990441192364372,1.8676744379218526
1.7357783487671998,3.1392370575097215,1.5491445308955933
1.5406738585196031,3.063403711202175,1.7301327247190288
1.7414539835315364,3.006007298618252,1.6189081634528724
1.5421759463351032,2.8832460385041143,1.5948486403980042
1.6137240938982413,3.1520329735617443,1.7460101381903173
1.2968124288657061,3.056424417335791,1.5892117228457068
1.5385213596838272,3.060664945667642,1.6051389426355587
1.3753143299110797,3.0810472091798435,1.8640901067360864
1.2498507411145894,3.0304098847653256,1.5024263661419661
1.2707924996933564,3.138645944013295,1.5768292590685469
1.3428872277343387,3.28529771589292,1.7188999338279989
1.3100568062481714,3.307781049272293,1.6414381335718804
1.0189401321733675,3.345492030566369,1.7653624213724608
1.0886655956850384,3.2004150886842067,1.788522484428303
0.9445727776146093,3.2954343296118447,1.8744241443684277
0.902086872325045,3.168092095040725,1.6264770125447208
1.0152763276933756,3.369805024162139,1.7208459958648583
0.8122545958283625,3.410984819682761,1.6508252506367134
0.8407024335680185,3.3066096868701957,1.6479717992102323
0.6930265098888146,3.3586436826175277,1.7348567561463695
0.7266409104731042,3.042953929733795,1.6609766859670654
0.6099524503522745,3.577053430995582,1.6357434829055306
0.6111107158723843,3.589951962767297,1.6144488927510183
0.5796712281390822,3.3732628024205673,1.697284373518824
0.4051399798006121,3.3924792864731512,2.021940964540399
0.514822475388568,3.5871426576499514,1.8009511004354013
0.21443935995709132,3.526892409391401,1.8610467152044885
0.2341895195413103,3.593476191457621,1.8261893767411637
0.4489882191033029,3.4638268145519864,1.647996659530185
0.171680599432282,3.6569342161435427,1.5769191716755635
-0.05511630584790919,3.5291950127066536,1.7175028324843462
0.09620486077864532,3.6207675811670135,1.7085068291518786
-0.1483103888474945,3.7357644433037245,1.666042937021888
-0.12349363952461415,3.6458637801056373,1.7293188556636159
-0.08063277146542755,3.58703876481741,1.8781280800807694
-0.16445288026790406,3.693112517076684,1.5581917868982913
-0.11203564517927184,3.4586090572379606,1.911000905434573
-0.23079732251804752,3.4758002863842083,1.842059885077939
-0.21273543784164434,3.606891562491098,1.6748081538144717
-0.40755879523596433,3.540986572931517,1.7756538145147738
-0.34132081562400785,3.337674106078461,1.815214487237132
-0.5024523688931815,3.4521617367000523,1.7095351060068238
-0.5520725422219295,3.1718268238514398,1.7156568287066307
-0.6753555205844448,3.5802121701510043,1.7072351195367357
-0.6664164183539187,3.6752342600435113,1.8892249417713323
-0.6117696280388919,3.4641658324809033,1.846095019720757
-0.7824239765804221,3.486763703455353,1.8347623281684489
-0.8757016336793121,3.6469667394011904,1.779782781836002
-0.8110498829448697,3.6335935660510907,1.900963175255315
-1.0705620272518188,3.52196435591222,1.8848717392458645
-0.8971534247098214,3.3546614102569876,1.7360982781000693
-0.9434238632851856,3.377406828479402,1.7738341981373724
-0.9416873349071881,3.4354719687179305,1.7331283920224214
-1.2432720743123424,3.4592713692123827,1.6744930069600867
-1.2363044859160854,3.4441502508790434,1.9397247918645766
-1.20068670856651,3.323330616120967,1.9296537435681838
-1.353058689374151,3.2541611228923166,1.7966096778872664
-1.234735963975607,3.3763365375198884,1.8170680022487944
-1.2700424608545504,3.1978476552997734,1.6892579064125406
-1.650309099562309,3.3585110020958826,1.8364691325313323
-1.3891468058004761,3.3249523522005173,1.7814061058738915
-1.5976572231546184,3.290833292050336,1.656647696491007
-1.3809252486538324,3.308610074529055,1.8468266566280847
-1.6442543549000734,3.304231126778361,1.8137724792775844
-1.82238309766832,3.2690129475652183,1.8684009138829751
-1.8933974220652294,3.3258644886599553,1.86116703546413
-1.792222466415805,3.2971659101948845,1.8360227159503173
-1.8859371818526405,3.2121141734716283,1.7633497274558305
-1.9642726787169273,3.11593380098975,1.7422319826694983
-1.789562674310914,2.9340523257851547,1.7100294494711241
-1.9411408867417332,3.1166518681737148,1.739245360093764
-2.0626462321399326,3.1618005541977783,1.8408175380841452
-1.9138646284056349,2.811452374742384,1.915228191231756
-2.1070119481163143,3.0409950937913615,1.8274122751832829
-2.302158844809023,2.9634430274222487,1.9314252985150568
-2.261835386131319,2.9893745559756857,1.7499648561451784
-2.3933321434942343,2.7568869036709174,1.8152425762452395
-2.3169958208084194,2.826393346947285,2.116541772170833
-2.446617057562504,2.7854648131724904,1.8684761498018794
-2.576641748259681,2.736814558734561,1.9726386625710246
-2.547816990803917,2.6255647053742432,1.7693533998139983
-2.6500241297522655,2.6738275075403823,1.9832225174114901
-2.7842662229853405,2.595215436398624,1.8802968678093737
-2.8782118444727263,2.503830158755209,1.7998790138942493
-2.8184597879112596,2.565614715204538,1.8538139089196901
-2.8377976326589645,2.5477106934931926,2.044179343636497
-2.6611217821604374,2.27038808168154,1.9315810922573877
-2.8849878033861405,2.435203254278119,1.836047572521621
-2.8969119132346792,2.391132240525598,1.8199827021429857
-3.0391278725523208,2.286716929662975,1.9033058063255566
-2.9297347930102657,2.371817712287648,1.8324628795751905
-3.000704329142191,2.336941018566508,2.0004433733982965
-3.073725717422472,2.1721276711536213,1.904998309269525
-3.2208545112110687,2.1277228278731912,1.962346527735201
-3.079006630572027,2.0722637144023826,1.9116617099986066
-3.2622489336723164,2.121201250927182,1.8841097482782445
-3.2432154765879178,1.965607376874701,1.887604507203908
-3.295487476006832,2.017899439516405,1.8563675410942777
-3.1257148798022056,2.0483008882534377,1.8087435489124475
-3.3115740676357084,1.7858100646671888,1.8672351435810388
-3.1510461929326397,1.7686277033107527,1.9379245056096448
-3.3291022943204545,1.6472564769829219,1.8183943564629834
-3.534973172130145,1.6060947590588572,1.6209028949741875
-3.3902304141716826,1.846934055246229,1.9226899818115606
-3.6158048435905643,1.523523033841747,1.8640222254074104
-3.604587897419853,1.6195810086064881,1.9929379163494452
-3.646178995489512,1.5513220670680283,2.0665951802716402
-3.367326306176793,1.7100887627798862,1.825716650971596
-3.301243495533522,1.3324162922170482,1.8586713723798665
-3.576168209369571,1.2534294885114254,1.9598243339845727
-3.7652111801850023,1.23110207179825,2.05048014535809
-3.662347534611505,1.2120354871058585,1.971449784395655
-3.5621151572994605,0.9748228718575069,1.9843783311096692
-3.727629380936265,1.0990635586839632,2.0339229449041656
-3.8409549948612614,0.9227890136063086,1.7363869339585494
-3.796252511469906,1.0983640487641906,1.919873213084585
-3.8942217556425547,0.8576485006940489,1.7851477635848716
-3.8906660523157504,0.8856366947468226,1.8185486033053329
-3.683881113033226,0.7798388580327127,1.9464974083323905
-3.8390314993320462,0.8041043161895683,2.018255928717641
-3.792784852612411,0.722854673169648,1.9207329749498994
-3.7862066056036157,0.5718469359511423,1.9441671061601842
-3.8810627804902835,0.4988897754776845,1.8770347661737667
-3.8190303651404096,0.6143824507486897,2.065058145114904
-4.002681184096615,0.5507011589481341,1.918134099788157
-3.827196009447701,0.26938262644782396,1.9661499433393526
-3.865156367075327,0.14954693819345485,2.014780670588373
-3.770204851084047,0.21834156202174973,2.0919727690387573
-3.93104348933224,0.2583752451652077,1.736100961362848
-3.6764743542612157,0.2604004443062109,1.931497409534592
-4.120837568104197,0.07693864970930418,1.8175694072545863
-3.8834149788794443,0.026432989454292337,1.8698236470637615
-3.8190672816755997,0.0028500191834307798,2.0635482996948222
-3.932530958223505,-0.2823520197488366,2.065755195189082
-3.961693075109019,-0.3429618420243965,2.1051739065674027
-3.724938481858796,-0.27136861081185487,2.187884087432301
-3.9249530442179315,-0.36860876468924203,1.910928128555426
-3.7685616996116176,-0.4719399474488595,2.0495029069734745
-3.9853503074718195,-0.5033451879989302,2.0810029473749347
-3.9635788377203034,-0.561193088675802,2.0932604496974605
-3.7609528499593554,-0.5196371798614343,1.916505004419587
-3.965846270899057,-0.6394842666762605,2.0160769901765496
-4.006639755262577,-0.6385020816530154,1.994537318949946
-4.07146639539037,-0.8669724601027019,1.9375751206228218
-3.898198410989767,-0.6483531082570293,2.013807120603953
-3.964981881685245,-0.8783296954487072,1.9567832172466038
-3.837396453899691,-0.9053417705526277,2.114917058716388
-3.860244879920713,-0.8623855835113077,2.0867982622496153
-3.9154816079700616,-0.8680398582252997,2.030697449325008
-3.914150371690762,-0.986321961537219,2.2077777585198444
