archivo,Dimension_1,Dimension_2,Dimension_3,Cluster
densidad_variable_3d.csv,-0.135036,-0.0289037,-0.158484,1
densidad_variable_3d.csv,-0.0615923,-0.378723,0.0426587,1
densidad_variable_3d.csv,0.000241095,-0.163418,0.131849,1
densidad_variable_3d.csv,0.187514,-0.321512,-0.152545,1
densidad_variable_3d.csv,-0.153828,-0.187981,0.165895,1
densidad_variable_3d.csv,-0.0387652,-0.052903,-0.400772,1
densidad_variable_3d.csv,0.127084,-0.247852,0.0119865,1
densidad_variable_3d.csv,0.0554754,0.272132,-0.261764,1
densidad_variable_3d.csv,-0.603902,0.0367699,0.360102,1
densidad_variable_3d.csv,0.247789,0.0419319,-0.0983272,1
densidad_variable_3d.csv,0.161425,-0.194709,0.0952716,1
densidad_variable_3d.csv,0.101094,0.212042,0.551932,1
densidad_variable_3d.csv,0.0784832,-0.101793,-0.00511486,1
densidad_variable_3d.csv,-0.353815,-0.138943,-0.0818565,1
densidad_variable_3d.csv,-0.104818,0.030471,-0.164484,1
densidad_variable_3d.csv,0.224206,4.1413e-05,-0.00186006,1
densidad_variable_3d.csv,-0.0655789,0.0310381,0.16502,1
densidad_variable_3d.csv,-0.173426,-0.131623,-0.0607452,1
densidad_variable_3d.csv,-0.269174,-0.163852,-0.0952442,1
densidad_variable_3d.csv,0.174878,0.0525123,0.038718,1
densidad_variable_3d.csv,0.17018,-0.0274744,0.078093,1
densidad_variable_3d.csv,-0.0206444,0.0530725,-0.116552,1
densidad_variable_3d.csv,-0.487763,-0.0268558,0.28455,1
densidad_variable_3d.csv,0.185243,0.193079,0.247226,1
densidad_variable_3d.csv,0.0177315,0.0394631,-0.12353,1
densidad_variable_3d.csv,-0.0632146,0.123154,0.240777,1
densidad_variable_3d.csv,-0.0278893,-0.0900379,0.000105592,1
densidad_variable_3d.csv,0.120241,-0.288771,-0.459236,1
densidad_variable_3d.csv,-0.110107,-0.244142,-0.101628,1
densidad_variable_3d.csv,-0.0295561,-0.0906497,0.290494,1
densidad_variable_3d.csv,0.065349,0.0600949,0.124441,1
densidad_variable_3d.csv,-0.227767,0.207822,-0.0151529,1
densidad_variable_3d.csv,0.134096,-0.214371,-0.310752,1
densidad_variable_3d.csv,0.163578,0.0752819,-0.18041,1
densidad_variable_3d.csv,-0.173933,0.225087,-0.237882,1
densidad_variable_3d.csv,0.328535,-0.180124,0.127678,1
densidad_variable_3d.csv,-0.0657237,0.120637,-0.108823,1
densidad_variable_3d.csv,-0.0325586,0.00818384,-0.200437,1
densidad_variable_3d.csv,0.148165,-0.102643,-0.04572,1
densidad_variable_3d.csv,-0.19887,-0.512467,-0.0382056,1
densidad_variable_3d.csv,0.482523,0.156921,-0.00385208,1
densidad_variable_3d.csv,-0.0525782,0.00449318,0.109424,1
densidad_variable_3d.csv,-0.236163,0.222864,0.143076,1
densidad_variable_3d.csv,0.143637,0.0876951,0.00392333,1
densidad_variable_3d.csv,0.134572,0.118363,-0.0708081,1
densidad_variable_3d.csv,-0.11472,0.0203713,0.309804,1
densidad_variable_3d.csv,-0.247821,-0.293505,0.0329522,1
densidad_variable_3d.csv,0.0101775,0.0346683,0.0487906,1
densidad_variable_3d.csv,-0.0446405,0.297973,-0.320181,1
densidad_variable_3d.csv,-0.165699,-0.020651,-0.328638,1
densidad_variable_3d.csv,-0.0351709,0.332294,0.0041773,1
densidad_variable_3d.csv,0.0461402,-0.252033,-0.123272,1
densidad_variable_3d.csv,-0.0750393,-0.063543,0.256329,1
densidad_variable_3d.csv,0.111538,-0.222292,0.049301,1
densidad_variable_3d.csv,0.0996443,0.22803,0.316108,1
densidad_variable_3d.csv,-0.203019,-0.162172,-0.251516,1
densidad_variable_3d.csv,-0.046804,0.0932717,0.197467,1
densidad_variable_3d.csv,-0.0151902,-0.0639695,0.0303516,1
densidad_variable_3d.csv,-0.167029,0.417908,-0.321532,1
densidad_variable_3d.csv,0.0369481,0.404721,0.00135997,1
densidad_variable_3d.csv,-0.0380078,-0.0714891,-0.0360783,1
densidad_variable_3d.csv,0.27457,-0.442372,0.306687,1
densidad_variable_3d.csv,-0.284791,-0.0533305,-0.0858489,1
densidad_variable_3d.csv,0.117711,-0.319625,0.0924345,1
densidad_variable_3d.csv,0.404862,-0.272635,0.0379412,1
densidad_variable_3d.csv,-0.132396,0.0851774,0.00382956,1
densidad_variable_3d.csv,-0.128297,0.0975745,0.36087,1
densidad_variable_3d.csv,-0.0381808,0.143952,-0.258655,1
densidad_variable_3d.csv,-0.191287,0.0944813,0.296823,1
densidad_variable_3d.csv,0.0711227,-0.0626116,-0.000141719,1
densidad_variable_3d.csv,-0.250082,0.120903,0.176467,1
densidad_variable_3d.csv,-0.0904181,-0.0940084,0.0531756,1
densidad_variable_3d.csv,-0.0873439,-0.0132265,0.419944,1
densidad_variable_3d.csv,-0.0494051,-0.071668,-0.129508,1
densidad_variable_3d.csv,0.148838,-0.0362448,-0.129875,1
densidad_variable_3d.csv,0.264261,0.283921,-0.120085,1
densidad_variable_3d.csv,-0.373308,0.201503,-0.136926,1
densidad_variable_3d.csv,0.158125,-0.394021,0.178519,1
densidad_variable_3d.csv,-0.242234,0.146153,0.00285461,1
densidad_variable_3d.csv,-0.190788,-0.0814073,0.137264,1
densidad_variable_3d.csv,0.0211789,0.116883,0.395288,1
densidad_variable_3d.csv,-0.312848,0.323443,0.0208712,1
densidad_variable_3d.csv,-0.179757,-0.266063,-0.0378241,1
densidad_variable_3d.csv,0.18433,-0.0255098,0.302231,1
densidad_variable_3d.csv,-0.290235,-0.00241779,-0.250479,1
densidad_variable_3d.csv,0.0727264,0.177377,-0.0841524,1
densidad_variable_3d.csv,-0.520843,0.0397896,0.0873477,1
densidad_variable_3d.csv,0.080859,0.247156,-0.214211,1
densidad_variable_3d.csv,0.136043,0.238502,-0.355718,1
densidad_variable_3d.csv,0.0639304,-0.100836,-0.0163045,1
densidad_variable_3d.csv,0.0695353,-0.0974457,-0.135142,1
densidad_variable_3d.csv,0.00683048,-0.217449,-0.217165,1
densidad_variable_3d.csv,0.135875,-0.229759,0.133263,1
densidad_variable_3d.csv,0.0925183,-0.345161,-0.135513,1
densidad_variable_3d.csv,0.238822,-0.196233,-0.0928809,1
densidad_variable_3d.csv,0.0924122,0.156678,-0.0503078,1
densidad_variable_3d.csv,-0.119502,0.284474,0.34778,1
densidad_variable_3d.csv,0.195772,0.0170636,-0.161653,1
densidad_variable_3d.csv,-0.166089,0.104503,0.0836796,1
densidad_variable_3d.csv,0.28032,0.13009,-0.300616,1
densidad_variable_3d.csv,0.21039,-0.199612,-0.0767943,1
densidad_variable_3d.csv,0.05004,0.399133,0.621984,1
densidad_variable_3d.csv,0.121345,-0.0366393,0.106901,1
densidad_variable_3d.csv,0.177531,-0.0641335,0.359042,1
densidad_variable_3d.csv,0.0460142,0.0995486,0.133185,1
densidad_variable_3d.csv,0.0843173,0.167788,-0.123451,1
densidad_variable_3d.csv,-0.11166,-0.220031,0.0879002,1
densidad_variable_3d.csv,0.155787,0.0915546,0.334898,1
densidad_variable_3d.csv,-0.0011192,0.133748,-0.21834,1
densidad_variable_3d.csv,-0.0774199,0.139108,0.16982,1
densidad_variable_3d.csv,-0.0587934,-0.0143199,-0.303575,1
densidad_variable_3d.csv,-0.0714058,0.178077,0.115041,1
densidad_variable_3d.csv,0.100133,0.00995474,0.00141263,1
densidad_variable_3d.csv,-0.132064,0.139766,0.0841946,1
densidad_variable_3d.csv,0.0984038,-0.105207,-0.430669,1
densidad_variable_3d.csv,0.219431,-0.0957675,-0.172555,1
densidad_variable_3d.csv,0.138696,-0.0784025,0.211987,1
densidad_variable_3d.csv,0.123401,0.136714,-0.273191,1
densidad_variable_3d.csv,0.242389,0.0522501,-0.0738554,1
densidad_variable_3d.csv,0.0286777,-0.355247,0.0817306,1
densidad_variable_3d.csv,-0.205874,-0.270534,-0.304472,1
densidad_variable_3d.csv,0.222538,-0.125853,0.306746,1
densidad_variable_3d.csv,-0.10716,-0.341472,-0.223305,1
densidad_variable_3d.csv,0.247162,-0.0311796,-0.109657,1
densidad_variable_3d.csv,0.0320036,0.100357,0.22348,1
densidad_variable_3d.csv,0.2897,-0.0719537,-0.26521,1
densidad_variable_3d.csv,-0.082693,0.0520561,-0.192752,1
densidad_variable_3d.csv,-0.19143,0.0687576,-0.00973047,1
densidad_variable_3d.csv,0.0065594,-0.151699,-0.0460801,1
densidad_variable_3d.csv,-0.184847,0.17804,0.20705,1
densidad_variable_3d.csv,-0.369238,-0.185902,-0.299306,1
densidad_variable_3d.csv,-0.130005,-0.0166876,-0.289929,1
densidad_variable_3d.csv,-0.184372,-0.200791,0.0414535,1
densidad_variable_3d.csv,0.0138689,-0.144348,0.0353642,1
densidad_variable_3d.csv,-0.109336,-0.054331,0.33469,1
densidad_variable_3d.csv,0.268092,-0.259916,0.165946,1
densidad_variable_3d.csv,0.162279,-0.229653,0.163756,1
densidad_variable_3d.csv,0.307586,-0.224509,-0.183501,1
densidad_variable_3d.csv,0.203532,0.0542991,0.110295,1
densidad_variable_3d.csv,0.0681178,0.0781392,-0.265294,1
densidad_variable_3d.csv,0.209464,0.233918,-0.0458781,1
densidad_variable_3d.csv,-0.00869539,-0.306222,0.102851,1
densidad_variable_3d.csv,0.114411,-0.0124382,0.224871,1
densidad_variable_3d.csv,-0.0668154,0.112921,-0.203933,1
densidad_variable_3d.csv,-0.00471043,-0.0348709,0.0450616,1
densidad_variable_3d.csv,-0.0739054,-0.0262945,0.165209,1
densidad_variable_3d.csv,-0.0873528,-0.321315,0.349917,1
densidad_variable_3d.csv,0.276291,-0.258453,0.137942,1
densidad_variable_3d.csv,-0.100595,0.0526974,0.0588448,1
densidad_variable_3d.csv,-0.0468816,-0.156753,-0.138108,1
densidad_variable_3d.csv,-0.183238,-0.166364,-0.0134357,1
densidad_variable_3d.csv,-0.143152,0.13641,0.297449,1
densidad_variable_3d.csv,-0.116011,0.0478809,0.099937,1
densidad_variable_3d.csv,0.0944005,0.0151911,0.148536,1
densidad_variable_3d.csv,0.0964498,-0.247532,0.173831,1
densidad_variable_3d.csv,0.177458,-0.152657,0.00758757,1
densidad_variable_3d.csv,0.136666,-0.0418628,0.214596,1
densidad_variable_3d.csv,0.472774,-0.157197,-0.276209,1
densidad_variable_3d.csv,0.0607637,0.144313,-0.0461733,1
densidad_variable_3d.csv,0.290652,-0.267721,0.138584,1
densidad_variable_3d.csv,-0.121172,0.343876,0.398503,1
densidad_variable_3d.csv,-0.153331,-0.109911,0.171918,1
densidad_variable_3d.csv,-0.0774261,-0.00908224,0.00507768,1
densidad_variable_3d.csv,-0.383935,-0.00276755,-0.137946,1
densidad_variable_3d.csv,-0.0986246,0.288726,-0.251301,1
densidad_variable_3d.csv,0.162641,-0.0557926,-0.055952,1
densidad_variable_3d.csv,0.158074,0.0680103,0.114123,1
densidad_variable_3d.csv,0.193637,-0.0662617,-0.122447,1
densidad_variable_3d.csv,-0.21703,-0.165082,0.589819,1
densidad_variable_3d.csv,0.248936,-0.270215,-0.264492,1
densidad_variable_3d.csv,0.0963732,0.109453,0.109777,1
densidad_variable_3d.csv,-0.0509912,-0.0250909,0.0655759,1
densidad_variable_3d.csv,0.0171786,-0.44386,-0.0459599,1
densidad_variable_3d.csv,-0.170281,0.0350423,0.597052,1
densidad_variable_3d.csv,0.0734963,-0.0627059,0.18436,1
densidad_variable_3d.csv,0.0965376,0.0840189,0.12137,1
densidad_variable_3d.csv,0.411309,-0.226178,0.0947264,1
densidad_variable_3d.csv,-0.185276,0.111103,-0.183737,1
densidad_variable_3d.csv,-0.0834734,-0.059018,0.195163,1
densidad_variable_3d.csv,0.183691,-0.249143,0.0109868,1
densidad_variable_3d.csv,-0.141916,-0.251701,-0.0434034,1
densidad_variable_3d.csv,-0.0616966,0.485343,0.086592,1
densidad_variable_3d.csv,-0.275524,-0.112955,0.204277,1
densidad_variable_3d.csv,0.417689,-0.317197,-0.375985,1
densidad_variable_3d.csv,0.374193,0.0779228,-0.173659,1
densidad_variable_3d.csv,0.106926,-0.52715,0.000675101,1
densidad_variable_3d.csv,0.0655642,0.184854,-0.202779,1
densidad_variable_3d.csv,0.0171374,-0.185085,0.0510768,1
densidad_variable_3d.csv,-0.179069,-0.0816202,-0.199163,1
densidad_variable_3d.csv,0.130227,0.17169,-0.0469241,1
densidad_variable_3d.csv,0.0076476,-0.289718,-0.0599353,1
densidad_variable_3d.csv,-0.0100409,0.524159,-0.222393,1
densidad_variable_3d.csv,0.292835,0.199372,0.0561273,1
densidad_variable_3d.csv,0.351724,0.0744211,0.0778318,1
densidad_variable_3d.csv,-0.0106241,0.244714,0.219294,1
densidad_variable_3d.csv,-0.125135,-0.263849,-0.0405961,1
densidad_variable_3d.csv,-0.160008,-0.0127049,0.247488,1
densidad_variable_3d.csv,-0.0914603,-0.00856468,0.0116045,1
densidad_variable_3d.csv,0.169686,-0.449378,-0.12134,1
densidad_variable_3d.csv,0.0422567,0.240016,-0.0983805,1
densidad_variable_3d.csv,-0.375311,0.123942,-0.127072,1
densidad_variable_3d.csv,-0.237933,-0.124869,-0.0369051,1
densidad_variable_3d.csv,-0.120949,-0.441113,0.179413,1
densidad_variable_3d.csv,0.254975,0.130304,-0.227537,1
densidad_variable_3d.csv,-0.0402983,-0.00130426,0.119759,1
densidad_variable_3d.csv,0.133668,-0.146835,0.0163991,1
densidad_variable_3d.csv,0.0914561,0.291164,0.140901,1
densidad_variable_3d.csv,0.157811,0.0167653,0.282092,1
densidad_variable_3d.csv,0.0819526,-0.172218,0.280674,1
densidad_variable_3d.csv,0.139581,-0.0886088,-0.0958986,1
densidad_variable_3d.csv,0.0593151,0.092637,0.0394585,1
densidad_variable_3d.csv,0.0622617,0.339991,0.214309,1
densidad_variable_3d.csv,0.0381271,0.188262,-0.206505,1
densidad_variable_3d.csv,0.0795854,0.361861,-0.0436092,1
densidad_variable_3d.csv,-0.169527,-0.130418,-0.217927,1
densidad_variable_3d.csv,-0.156952,-0.0741016,-0.281113,1
densidad_variable_3d.csv,0.00312367,0.180455,-0.181551,1
densidad_variable_3d.csv,0.303857,0.102158,0.206116,1
densidad_variable_3d.csv,-0.131567,0.170905,-0.218387,1
densidad_variable_3d.csv,0.17805,0.0343679,0.11065,1
densidad_variable_3d.csv,-0.235119,-0.179014,0.119446,1
densidad_variable_3d.csv,-0.18967,0.0926413,-0.273428,1
densidad_variable_3d.csv,0.169635,-0.246505,0.11046,1
densidad_variable_3d.csv,0.125126,-0.139354,0.116405,1
densidad_variable_3d.csv,0.0520885,-0.107768,-0.201711,1
densidad_variable_3d.csv,-0.392525,0.06993,-0.312961,1
densidad_variable_3d.csv,0.0190688,-0.0526896,0.135829,1
densidad_variable_3d.csv,-0.0604091,-0.0658896,0.146374,1
densidad_variable_3d.csv,0.0670116,0.0632312,0.0938535,1
densidad_variable_3d.csv,-0.307114,0.151358,0.122494,1
densidad_variable_3d.csv,-0.203337,-0.0488161,-0.00786146,1
densidad_variable_3d.csv,-0.0268994,0.066772,0.286273,1
densidad_variable_3d.csv,0.216353,-0.262444,0.124414,1
densidad_variable_3d.csv,0.265787,0.0773617,0.218196,1
densidad_variable_3d.csv,0.402454,0.204742,0.0498617,1
densidad_variable_3d.csv,0.209018,0.0289776,0.00478061,1
densidad_variable_3d.csv,-0.0702828,0.312683,-0.163686,1
densidad_variable_3d.csv,0.306474,0.0999728,-0.279861,1
densidad_variable_3d.csv,0.0735299,-0.420005,0.125102,1
densidad_variable_3d.csv,0.177046,-0.118471,0.0247095,1
densidad_variable_3d.csv,0.390831,-0.101149,-0.211782,1
densidad_variable_3d.csv,0.296333,0.392517,0.000739134,1
densidad_variable_3d.csv,0.202293,0.268295,-0.148497,1
densidad_variable_3d.csv,-0.0970612,0.246175,0.337003,1
densidad_variable_3d.csv,0.112576,-0.175963,0.397412,1
densidad_variable_3d.csv,-0.106194,-0.0670276,0.0684676,1
densidad_variable_3d.csv,0.310832,0.170795,0.0829731,1
densidad_variable_3d.csv,0.0926577,0.00870293,0.111628,1
densidad_variable_3d.csv,-0.505912,-0.0593215,0.0482644,1
densidad_variable_3d.csv,-0.230203,0.0772647,-0.0408942,1
densidad_variable_3d.csv,0.351095,0.314604,-0.0931611,1
densidad_variable_3d.csv,-0.0301675,-0.0147895,-0.0903319,1
densidad_variable_3d.csv,0.039005,-0.151656,-0.226123,1
densidad_variable_3d.csv,0.124542,0.125906,-0.160863,1
densidad_variable_3d.csv,0.179071,-0.126316,0.050633,1
densidad_variable_3d.csv,0.164069,-0.00672251,0.0909482,1
densidad_variable_3d.csv,-0.103286,-0.0392933,-0.0411719,1
densidad_variable_3d.csv,-0.149316,-0.0353548,-0.309724,1
densidad_variable_3d.csv,-0.0982307,-0.0569751,-0.051236,1
densidad_variable_3d.csv,-0.0482995,-0.0123528,0.0958883,1
densidad_variable_3d.csv,0.174903,-0.129953,-0.24064,1
densidad_variable_3d.csv,-0.208409,-0.0974406,-0.0703843,1
densidad_variable_3d.csv,-0.153999,-0.259223,-0.0912242,1
densidad_variable_3d.csv,0.0362853,0.119006,-0.111485,1
densidad_variable_3d.csv,-0.0825996,-0.18534,-0.00628783,1
densidad_variable_3d.csv,-0.169686,0.114626,-0.357173,1
densidad_variable_3d.csv,-0.0719259,0.0602215,0.0367669,1
densidad_variable_3d.csv,0.538607,0.06996,-0.200811,1
densidad_variable_3d.csv,-0.0190928,-0.355249,-0.0161199,1
densidad_variable_3d.csv,-0.166611,0.183078,-0.109908,1
densidad_variable_3d.csv,-0.0233532,-0.127112,0.34777,1
densidad_variable_3d.csv,-0.0642486,0.366511,0.16283,1
densidad_variable_3d.csv,0.0964133,0.0737466,0.0787595,1
densidad_variable_3d.csv,-0.385535,-0.0557767,0.169032,1
densidad_variable_3d.csv,-0.00977944,-0.281038,-0.0104809,1
densidad_variable_3d.csv,0.340821,0.249378,-0.0124008,1
densidad_variable_3d.csv,0.19029,-0.0733014,-0.340774,1
densidad_variable_3d.csv,-0.184893,0.312578,-0.0547986,1
densidad_variable_3d.csv,-0.0486768,-0.0599676,0.380827,1
densidad_variable_3d.csv,0.325192,0.443756,-0.031809,1
densidad_variable_3d.csv,0.0591249,-0.303329,0.295387,1
densidad_variable_3d.csv,-0.233556,0.0433551,-0.219461,1
densidad_variable_3d.csv,-0.117773,-0.167452,-0.121575,1
densidad_variable_3d.csv,-0.107825,-0.109654,0.166667,1
densidad_variable_3d.csv,-0.220973,0.0441083,0.243592,1
densidad_variable_3d.csv,-0.102639,-0.143584,-0.0461049,1
densidad_variable_3d.csv,0.235945,0.0388215,-0.106243,1
densidad_variable_3d.csv,0.0967753,-0.220458,0.136272,1
densidad_variable_3d.csv,0.0817215,-0.0615617,-0.167717,1
densidad_variable_3d.csv,-0.177336,0.106963,0.245796,1
densidad_variable_3d.csv,-0.127462,0.0916773,-0.417405,1
densidad_variable_3d.csv,-0.116924,-0.00621179,-0.181937,1
densidad_variable_3d.csv,-0.187301,-0.133556,0.0584385,1
densidad_variable_3d.csv,-0.0374658,-0.447646,-0.42414,1
densidad_variable_3d.csv,-0.121373,0.0915373,-0.549501,1
densidad_variable_3d.csv,-0.099946,-0.10525,0.277668,1
densidad_variable_3d.csv,-0.0770044,0.0765978,0.0282514,1
densidad_variable_3d.csv,-0.426113,0.153641,0.0430793,1
densidad_variable_3d.csv,0.101654,0.785248,-0.416823,1
densidad_variable_3d.csv,0.344939,-0.0574895,0.0574658,1
densidad_variable_3d.csv,-0.00910245,-0.0848473,-0.113967,1
densidad_variable_3d.csv,0.0659017,-0.303435,0.150116,1
densidad_variable_3d.csv,-0.0832389,-0.226014,-0.0900026,1
densidad_variable_3d.csv,0.25143,-0.107067,0.0716907,1
densidad_variable_3d.csv,-0.146191,0.151584,0.137102,1
densidad_variable_3d.csv,0.369722,-0.0351128,0.133731,1
densidad_variable_3d.csv,0.0196135,0.259174,-0.143766,1
densidad_variable_3d.csv,0.149001,-0.0389395,-0.0128376,1
densidad_variable_3d.csv,0.0183505,0.0504481,-0.0232458,1
densidad_variable_3d.csv,0.0429426,0.315624,0.19709,1
densidad_variable_3d.csv,0.173831,-0.0911079,-0.177848,1
densidad_variable_3d.csv,0.19106,0.175209,0.294534,1
densidad_variable_3d.csv,-0.120796,-0.0459097,-0.327897,1
densidad_variable_3d.csv,-0.0784942,0.199314,-0.0932991,1
densidad_variable_3d.csv,0.128096,-0.0381006,0.0648114,1
densidad_variable_3d.csv,-0.229538,0.0170419,-0.598227,1
densidad_variable_3d.csv,-0.0373792,-0.326095,0.241199,1
densidad_variable_3d.csv,0.155481,0.0933342,0.304201,1
densidad_variable_3d.csv,-0.189783,0.349473,0.186438,1
densidad_variable_3d.csv,-0.0473111,0.227124,-0.221259,1
densidad_variable_3d.csv,-0.164903,-0.121718,-0.105796,1
densidad_variable_3d.csv,-0.211312,0.244617,-0.0517709,1
densidad_variable_3d.csv,0.070501,-0.11407,-0.364121,1
densidad_variable_3d.csv,0.0540115,-0.382451,-0.0137268,1
densidad_variable_3d.csv,-0.273663,0.397455,0.182273,1
densidad_variable_3d.csv,0.0211508,0.252741,-0.169263,1
densidad_variable_3d.csv,0.108696,0.0399621,0.052804,1
densidad_variable_3d.csv,0.254471,0.146498,0.0577447,1
densidad_variable_3d.csv,-0.330977,-0.192009,-0.0245418,1
densidad_variable_3d.csv,0.0186745,-0.226041,0.482335,1
densidad_variable_3d.csv,0.303279,0.120424,0.0144074,1
densidad_variable_3d.csv,-0.0424418,-0.190384,0.0154961,1
densidad_variable_3d.csv,0.0515505,-0.248352,0.0668353,1
densidad_variable_3d.csv,-0.0310518,-0.381562,-0.172077,1
densidad_variable_3d.csv,-0.0827211,0.377538,0.111311,1
densidad_variable_3d.csv,-0.267096,0.0972073,-0.309461,1
densidad_variable_3d.csv,0.216538,-0.0942249,-0.0187272,1
densidad_variable_3d.csv,0.265159,-0.257433,-0.279424,1
densidad_variable_3d.csv,-0.11672,0.207676,-0.303869,1
densidad_variable_3d.csv,-0.566431,-0.0902318,0.110348,1
densidad_variable_3d.csv,0.240052,-0.0926323,-0.0822853,1
densidad_variable_3d.csv,0.23078,-0.373948,-0.0777042,1
densidad_variable_3d.csv,0.0380848,0.0898437,-0.101961,1
densidad_variable_3d.csv,0.0068882,-0.497665,-0.13165,1
densidad_variable_3d.csv,0.0907017,-0.196459,0.0117968,1
densidad_variable_3d.csv,0.0893745,-0.0685098,0.0340928,1
densidad_variable_3d.csv,-0.192547,-0.0413223,0.122043,1
densidad_variable_3d.csv,0.0313946,-0.117306,0.0448433,1
densidad_variable_3d.csv,0.142922,-0.409988,0.231815,1
densidad_variable_3d.csv,-0.0672509,0.085098,0.239449,1
densidad_variable_3d.csv,-0.274335,-0.141888,-0.0577097,1
densidad_variable_3d.csv,-0.156751,0.346987,-0.171354,1
densidad_variable_3d.csv,-0.111109,0.0408778,-0.24043,1
densidad_variable_3d.csv,-0.0791361,0.0634907,-0.0665721,1
densidad_variable_3d.csv,-0.0186774,-0.105866,-0.302894,1
densidad_variable_3d.csv,0.0643186,0.350987,0.00368033,1
densidad_variable_3d.csv,0.0450528,0.138545,-0.253866,1
densidad_variable_3d.csv,0.340503,0.0404658,0.326371,1
densidad_variable_3d.csv,-0.146607,0.363612,0.155031,1
densidad_variable_3d.csv,0.110608,0.0468049,-0.0497057,1
densidad_variable_3d.csv,0.240106,0.028072,-0.393414,1
densidad_variable_3d.csv,-0.223437,-0.0371692,0.0619998,1
densidad_variable_3d.csv,-0.0113177,0.243794,-0.39022,1
densidad_variable_3d.csv,0.0287176,-0.363596,0.151942,1
densidad_variable_3d.csv,-0.0188917,0.083922,-0.172777,1
densidad_variable_3d.csv,0.255893,0.208345,0.116709,1
densidad_variable_3d.csv,-0.0259034,0.115971,-0.141379,1
densidad_variable_3d.csv,0.171111,0.329896,0.214122,1
densidad_variable_3d.csv,-0.14592,0.0722835,-0.258628,1
densidad_variable_3d.csv,0.114478,0.0901207,-0.373963,1
densidad_variable_3d.csv,-0.232357,-0.0566278,-0.0601719,1
densidad_variable_3d.csv,-0.241895,0.0777957,0.0502947,1
densidad_variable_3d.csv,-0.0388538,-0.151158,0.209741,1
densidad_variable_3d.csv,0.331081,-0.0967123,-0.122433,1
densidad_variable_3d.csv,0.0982415,-0.0716059,-0.0278794,1
densidad_variable_3d.csv,0.147931,-0.381871,0.26366,1
densidad_variable_3d.csv,0.0145361,-0.0822986,-0.0178468,1
densidad_variable_3d.csv,-0.00751413,-0.34624,0.298988,1
densidad_variable_3d.csv,0.00826513,0.0886004,0.19031,1
densidad_variable_3d.csv,-0.204232,0.0946944,-0.0535282,1
densidad_variable_3d.csv,0.169354,-0.425445,-0.0198189,1
densidad_variable_3d.csv,-0.120564,0.0864526,0.0940088,1
densidad_variable_3d.csv,-0.141525,-0.142435,-0.0221331,1
densidad_variable_3d.csv,-0.179328,0.168397,-0.0738414,1
densidad_variable_3d.csv,-0.581398,-0.0749644,-0.207709,1
densidad_variable_3d.csv,-0.326255,-0.247485,0.0218817,1
densidad_variable_3d.csv,0.265728,0.0626369,-0.121301,1
densidad_variable_3d.csv,0.0911808,-0.0918181,-0.13892,1
densidad_variable_3d.csv,-0.230873,-0.350366,-0.0779847,1
densidad_variable_3d.csv,0.0316107,-0.0193247,-0.0831934,1
densidad_variable_3d.csv,-0.189149,0.121649,-0.263426,1
densidad_variable_3d.csv,0.155206,-0.200443,-0.150487,1
densidad_variable_3d.csv,-0.293357,-0.10028,0.195062,1
densidad_variable_3d.csv,0.103126,0.195684,0.104429,1
densidad_variable_3d.csv,-0.220734,-0.0661578,-0.15604,1
densidad_variable_3d.csv,0.266115,-0.239358,0.17874,1
densidad_variable_3d.csv,0.178591,0.365924,-0.0819373,1
densidad_variable_3d.csv,0.142464,0.45633,-0.123528,1
densidad_variable_3d.csv,-0.307008,-0.376002,0.142542,1
densidad_variable_3d.csv,-0.37663,-0.0744638,0.0874626,1
densidad_variable_3d.csv,3.09259,3.21272,3.11114,2
densidad_variable_3d.csv,3.63943,2.52384,2.6615,2
densidad_variable_3d.csv,2.61367,3.4151,3.4502,2
densidad_variable_3d.csv,3.22561,3.59175,2.41098,2
densidad_variable_3d.csv,3.83361,3.76162,3.36781,2
densidad_variable_3d.csv,3.8909,2.17169,2.73778,2
densidad_variable_3d.csv,2.63235,3.36074,2.47493,2
densidad_variable_3d.csv,3.37875,3.68527,3.3476,2
densidad_variable_3d.csv,3.14188,2.50606,2.57657,2
densidad_variable_3d.csv,3.62481,3.38967,2.98049,2
densidad_variable_3d.csv,2.79105,1.9871,2.46457,2
densidad_variable_3d.csv,3.95571,2.35977,3.09474,2
densidad_variable_3d.csv,3.50372,2.37254,3.09236,2
densidad_variable_3d.csv,3.46896,3.00625,4.4342,2
densidad_variable_3d.csv,2.1657,3.52936,2.9136,2
densidad_variable_3d.csv,3.38596,3.22065,2.63342,2
densidad_variable_3d.csv,3.1145,2.07105,3.30162,2
densidad_variable_3d.csv,3.14908,3.31933,3.52906,2
densidad_variable_3d.csv,3.18381,3.07404,2.55947,2
densidad_variable_3d.csv,2.64389,3.59337,3.71817,2
densidad_variable_3d.csv,2.88094,3.023,2.54769,2
densidad_variable_3d.csv,3.58638,3.33271,3.97061,2
densidad_variable_3d.csv,2.56084,2.811,3.11572,2
densidad_variable_3d.csv,3.32324,2.89217,2.56352,2
densidad_variable_3d.csv,3.4407,3.36057,2.54186,2
densidad_variable_3d.csv,3.67772,3.5851,3.06715,2
densidad_variable_3d.csv,3.0398,3.27703,2.56915,2
densidad_variable_3d.csv,3.01502,1.92381,3.43823,2
densidad_variable_3d.csv,2.21925,3.75171,2.83494,2
densidad_variable_3d.csv,2.89417,2.68613,2.85598,2
densidad_variable_3d.csv,3.70927,1.7561,3.63848,2
densidad_variable_3d.csv,3.16901,2.39649,2.46234,2
densidad_variable_3d.csv,3.8382,2.52725,2.42332,2
densidad_variable_3d.csv,3.56866,3.16928,2.53104,2
densidad_variable_3d.csv,3.10831,2.48712,3.55041,2
densidad_variable_3d.csv,3.53069,3.266,3.18083,2
densidad_variable_3d.csv,3.88059,2.99984,2.40906,2
densidad_variable_3d.csv,3.22474,4.04302,2.49262,2
densidad_variable_3d.csv,2.81927,3.20822,2.97305,2
densidad_variable_3d.csv,2.50885,3.56093,4.16002,2
densidad_variable_3d.csv,3.09807,2.54797,2.22552,2
densidad_variable_3d.csv,3.12899,3.55194,3.23758,2
densidad_variable_3d.csv,2.9988,2.70536,2.45392,2
densidad_variable_3d.csv,3.41738,3.45689,2.22714,2
densidad_variable_3d.csv,3.79492,3.28704,3.6998,2
densidad_variable_3d.csv,2.32894,2.31709,2.92552,2
densidad_variable_3d.csv,3.25139,3.89818,3.35304,2
densidad_variable_3d.csv,2.87866,2.48682,3.615,2
densidad_variable_3d.csv,2.51765,3.81423,2.85781,2
densidad_variable_3d.csv,3.79529,3.33947,2.9315,2
densidad_variable_3d.csv,2.7403,2.82955,3.21416,2
densidad_variable_3d.csv,3.03858,2.70309,2.91718,2
densidad_variable_3d.csv,3.03929,1.93563,3.22908,2
densidad_variable_3d.csv,2.51014,2.42333,2.15633,2
densidad_variable_3d.csv,2.10305,2.32228,2.64549,2
densidad_variable_3d.csv,3.97663,2.73706,3.08888,2
densidad_variable_3d.csv,3.20024,3.06553,2.96128,2
densidad_variable_3d.csv,2.40235,3.72546,3.9036,2
densidad_variable_3d.csv,2.15867,2.48799,2.86009,2
densidad_variable_3d.csv,2.51773,3.25298,2.63586,2
densidad_variable_3d.csv,4.08253,3.59527,3.10629,2
densidad_variable_3d.csv,3.51349,3.55295,2.71803,2
densidad_variable_3d.csv,2.59189,3.03907,3.43082,2
densidad_variable_3d.csv,3.06953,2.2115,2.59859,2
densidad_variable_3d.csv,2.96301,2.96217,3.98627,2
densidad_variable_3d.csv,2.30701,3.25279,3.74456,2
densidad_variable_3d.csv,4.13572,2.7978,3.24571,2
densidad_variable_3d.csv,3.28488,3.09774,2.95058,2
densidad_variable_3d.csv,3.21799,1.73388,3.34103,2
densidad_variable_3d.csv,3.06309,2.88876,4.02343,2
densidad_variable_3d.csv,2.66253,2.79846,3.99578,2
densidad_variable_3d.csv,2.58397,2.72494,2.92649,2
densidad_variable_3d.csv,3.42037,3.1039,2.35369,2
densidad_variable_3d.csv,2.73392,2.69632,2.96139,2
densidad_variable_3d.csv,3.21292,3.2091,2.11199,2
densidad_variable_3d.csv,3.53197,3.12628,3.69227,2
densidad_variable_3d.csv,3.2221,3.55066,3.23327,2
densidad_variable_3d.csv,3.67311,3.26113,2.95104,2
densidad_variable_3d.csv,4.13622,3.44452,3.28687,2
densidad_variable_3d.csv,2.36185,2.35585,3.14636,2
densidad_variable_3d.csv,3.07276,2.69294,3.07049,2
densidad_variable_3d.csv,3.79431,3.3477,2.4295,2
densidad_variable_3d.csv,2.94425,2.59752,2.80615,2
densidad_variable_3d.csv,2.79319,2.76118,2.37243,2
densidad_variable_3d.csv,2.93617,2.7197,1.53528,2
densidad_variable_3d.csv,4.02649,3.54438,2.81185,2
densidad_variable_3d.csv,3.00941,2.41417,3.84786,2
densidad_variable_3d.csv,3.94864,3.07835,3.51177,2
densidad_variable_3d.csv,3.08764,2.33164,2.79409,2
densidad_variable_3d.csv,3.06596,2.77273,2.89067,2
densidad_variable_3d.csv,2.9543,2.95956,3.02613,2
densidad_variable_3d.csv,2.4697,2.64149,2.35771,2
densidad_variable_3d.csv,3.48891,1.94718,3.5768,2
densidad_variable_3d.csv,3.69317,2.84891,1.69843,2
densidad_variable_3d.csv,2.81934,2.96791,2.4947,2
densidad_variable_3d.csv,2.74239,3.7651,3.33246,2
densidad_variable_3d.csv,2.53772,2.2012,2.83649,2
densidad_variable_3d.csv,2.89327,3.2481,2.73234,2
densidad_variable_3d.csv,3.25575,3.96758,3.40775,2
densidad_variable_3d.csv,2.97596,2.90842,2.82166,2
densidad_variable_3d.csv,3.59032,2.68634,3.02261,2
densidad_variable_3d.csv,3.0256,2.74911,2.31377,2
densidad_variable_3d.csv,3.16149,2.9695,3.25012,2
densidad_variable_3d.csv,2.7332,3.61041,2.56161,2
densidad_variable_3d.csv,3.85602,2.12618,3.21739,2
densidad_variable_3d.csv,3.23772,2.60222,3.2122,2
densidad_variable_3d.csv,3.63976,1.89159,3.25137,2
densidad_variable_3d.csv,1.75336,2.51717,3.81458,2
densidad_variable_3d.csv,2.70911,2.41306,2.90103,2
densidad_variable_3d.csv,4.03395,2.08416,2.47435,2
densidad_variable_3d.csv,3.74872,3.92885,2.94828,2
densidad_variable_3d.csv,2.38047,4.04792,3.79722,2
densidad_variable_3d.csv,3.33947,2.5938,2.97549,2
densidad_variable_3d.csv,2.91982,3.16543,3.7255,2
densidad_variable_3d.csv,3.43971,2.46131,3.68825,2
densidad_variable_3d.csv,3.15657,3.34353,3.73327,2
densidad_variable_3d.csv,2.44421,2.98209,2.73427,2
densidad_variable_3d.csv,2.21607,3.17335,4.25578,2
densidad_variable_3d.csv,2.07996,2.98386,3.32027,2
densidad_variable_3d.csv,3.06154,2.94344,2.35039,2
densidad_variable_3d.csv,3.11639,2.62162,1.90504,2
densidad_variable_3d.csv,3.5973,3.47919,3.02583,2
densidad_variable_3d.csv,3.11454,3.53716,3.11217,2
densidad_variable_3d.csv,3.45201,2.85126,3.65599,2
densidad_variable_3d.csv,3.16039,3.09703,2.36497,2
densidad_variable_3d.csv,3.14348,2.58402,2.68086,2
densidad_variable_3d.csv,2.59231,2.46688,4.06239,2
densidad_variable_3d.csv,3.66567,3.96018,2.38855,2
densidad_variable_3d.csv,3.03563,2.35325,2.65215,2
densidad_variable_3d.csv,2.54094,3.61979,2.80189,2
densidad_variable_3d.csv,3.53419,3.30206,4.15182,2
densidad_variable_3d.csv,2.26028,3.62962,3.57322,2
densidad_variable_3d.csv,2.51331,3.50357,3.16807,2
densidad_variable_3d.csv,2.88626,2.58803,2.64045,2
densidad_variable_3d.csv,4.02491,3.00034,3.39107,2
densidad_variable_3d.csv,2.60455,2.61007,3.54099,2
densidad_variable_3d.csv,2.32521,2.79239,3.01701,2
densidad_variable_3d.csv,3.05569,2.91045,3.19791,2
densidad_variable_3d.csv,3.34643,3.36732,2.5071,2
densidad_variable_3d.csv,2.85792,3.59738,3.44732,2
densidad_variable_3d.csv,2.31357,3.17574,2.01089,2
densidad_variable_3d.csv,3.02347,3.94888,2.52605,2
densidad_variable_3d.csv,2.58284,3.38201,2.2286,2
densidad_variable_3d.csv,2.68362,3.29822,2.68286,2
densidad_variable_3d.csv,2.88202,3.37209,3.21077,2
densidad_variable_3d.csv,3.13341,2.83044,3.18503,2
densidad_variable_3d.csv,2.93813,3.2289,2.75153,2
densidad_variable_3d.csv,2.90872,2.50502,2.9825,2
densidad_variable_3d.csv,2.5945,2.44298,3.12933,2
densidad_variable_3d.csv,3.10637,3.39144,2.78444,2
densidad_variable_3d.csv,3.20403,3.2754,3.22239,2
densidad_variable_3d.csv,2.58717,3.07468,3.18207,2
densidad_variable_3d.csv,3.00359,1.95676,3.08024,2
densidad_variable_3d.csv,4.10627,2.81998,2.63596,2
densidad_variable_3d.csv,3.18667,3.15619,3.59637,2
densidad_variable_3d.csv,2.37107,3.36569,3.29521,2
densidad_variable_3d.csv,2.92893,3.16934,3.51473,2
densidad_variable_3d.csv,3.43616,2.42849,3.41008,2
densidad_variable_3d.csv,2.96766,3.03644,3.0366,2
densidad_variable_3d.csv,2.92488,3.59585,2.95814,2
densidad_variable_3d.csv,2.44023,2.80324,3.08935,2
densidad_variable_3d.csv,3.61461,3.30155,2.57473,2
densidad_variable_3d.csv,4.24259,3.13239,3.6377,2
densidad_variable_3d.csv,2.92414,3.26668,3.41973,2
densidad_variable_3d.csv,3.6091,3.52868,3.4361,2
densidad_variable_3d.csv,2.84246,2.71413,3.1663,2
densidad_variable_3d.csv,3.46656,2.88864,3.53259,2
densidad_variable_3d.csv,3.72631,2.54184,2.58154,2
densidad_variable_3d.csv,2.92981,3.15381,2.73772,2
densidad_variable_3d.csv,3.6761,3.21203,3.01972,2
densidad_variable_3d.csv,2.28205,2.34209,3.1405,2
densidad_variable_3d.csv,1.9337,3.50632,2.92092,2
densidad_variable_3d.csv,4.62155,4.15396,2.90928,2
densidad_variable_3d.csv,2.94683,3.49779,3.85159,2
densidad_variable_3d.csv,2.18099,2.10681,2.68898,2
densidad_variable_3d.csv,3.29137,3.24844,3.53489,2
densidad_variable_3d.csv,2.40015,1.84193,3.42901,2
densidad_variable_3d.csv,2.5859,1.99076,3.07253,2
densidad_variable_3d.csv,3.39659,2.93897,2.77108,2
densidad_variable_3d.csv,2.92032,2.81471,2.32598,2
densidad_variable_3d.csv,2.64266,3.26064,3.16084,2
densidad_variable_3d.csv,3.08403,2.50243,2.90925,2
densidad_variable_3d.csv,1.91147,3.08924,3.71443,2
densidad_variable_3d.csv,2.26293,2.70704,3.16455,2
densidad_variable_3d.csv,3.62642,2.77589,2.65387,2
densidad_variable_3d.csv,2.01554,3.05172,4.02104,2
densidad_variable_3d.csv,3.13868,2.98886,3.16104,2
densidad_variable_3d.csv,2.99445,2.59349,3.41164,2
densidad_variable_3d.csv,3.11288,3.00881,2.51232,2
densidad_variable_3d.csv,3.65175,3.33235,2.72354,2
densidad_variable_3d.csv,3.50091,2.75121,2.609,2
densidad_variable_3d.csv,2.62015,2.11447,3.23577,2
densidad_variable_3d.csv,2.08443,2.38578,1.96221,2
densidad_variable_3d.csv,2.95697,2.92484,2.83665,2
densidad_variable_3d.csv,2.47871,2.41388,3.23218,2
densidad_variable_3d.csv,2.72472,3.15818,2.55738,2
densidad_variable_3d.csv,3.09053,3.65164,3.29308,2
densidad_variable_3d.csv,2.79379,3.1286,2.87967,2
densidad_variable_3d.csv,3.00394,2.83719,2.91783,2
densidad_variable_3d.csv,3.10605,2.50332,2.49206,2
densidad_variable_3d.csv,2.30573,2.19986,2.39136,2
densidad_variable_3d.csv,3.07973,2.55361,3.25681,2
densidad_variable_3d.csv,3.01736,2.01575,3.32749,2
densidad_variable_3d.csv,3.4054,2.50307,3.2101,2
densidad_variable_3d.csv,2.57175,3.04884,2.36775,2
densidad_variable_3d.csv,2.10345,2.80859,2.93814,2
densidad_variable_3d.csv,2.80116,2.40798,2.80005,2
densidad_variable_3d.csv,3.13465,2.97755,3.09125,2
densidad_variable_3d.csv,2.66494,3.58586,2.41191,2
densidad_variable_3d.csv,3.24378,3.59095,3.24045,2
densidad_variable_3d.csv,2.89874,2.73585,3.51804,2
densidad_variable_3d.csv,2.28851,2.51494,2.80122,2
densidad_variable_3d.csv,3.61883,3.18988,2.51598,2
densidad_variable_3d.csv,2.84485,2.69284,2.64511,2
densidad_variable_3d.csv,3.48944,2.31413,3.80439,2
densidad_variable_3d.csv,3.41411,3.54543,2.76853,2
densidad_variable_3d.csv,2.92503,2.28342,2.73767,2
densidad_variable_3d.csv,3.24683,3.64803,2.44642,2
densidad_variable_3d.csv,2.81725,2.92435,2.30211,2
densidad_variable_3d.csv,3.29567,2.638,2.9023,2
densidad_variable_3d.csv,2.77403,2.60533,2.99648,2
densidad_variable_3d.csv,2.8922,2.81407,2.63577,2
densidad_variable_3d.csv,3.15976,3.82681,3.06994,2
densidad_variable_3d.csv,3.49806,2.30489,3.07888,2
densidad_variable_3d.csv,2.45132,2.26154,2.63031,2
densidad_variable_3d.csv,3.59595,3.47501,3.1215,2
densidad_variable_3d.csv,2.23365,2.90186,3.15085,2
densidad_variable_3d.csv,3.08777,2.0781,2.55484,2
densidad_variable_3d.csv,2.96796,3.26815,1.90194,2
densidad_variable_3d.csv,2.91894,3.07152,3.42481,2
densidad_variable_3d.csv,3.34643,3.29129,2.60003,2
densidad_variable_3d.csv,2.046,2.80347,3.50082,2
densidad_variable_3d.csv,3.69673,3.35527,3.21467,2
densidad_variable_3d.csv,3.18982,2.72194,2.93497,2
densidad_variable_3d.csv,3.83453,2.52872,3.80739,2
densidad_variable_3d.csv,2.83899,3.66272,2.29659,2
densidad_variable_3d.csv,3.29295,2.63161,2.29237,2
densidad_variable_3d.csv,3.10927,3.50474,2.57753,2
densidad_variable_3d.csv,2.25049,2.95408,2.95628,2
densidad_variable_3d.csv,3.27416,3.4748,2.97029,2
densidad_variable_3d.csv,3.92775,3.11212,2.82679,2
densidad_variable_3d.csv,2.19422,2.86867,2.83181,2
densidad_variable_3d.csv,3.48015,3.23124,2.41032,2
densidad_variable_3d.csv,3.08613,3.33577,3.76402,2
densidad_variable_3d.csv,3.44375,3.38042,3.03004,2
densidad_variable_3d.csv,3.19416,3.62475,2.33361,2
densidad_variable_3d.csv,2.82528,2.61372,3.18958,2
densidad_variable_3d.csv,3.61511,2.70151,1.80485,2
densidad_variable_3d.csv,2.79389,3.45674,3.26881,2
densidad_variable_3d.csv,3.21409,2.86,2.36048,2
densidad_variable_3d.csv,3.25765,2.58286,4.09205,2
densidad_variable_3d.csv,3.28525,2.70968,2.69431,2
densidad_variable_3d.csv,2.95353,2.88025,3.55842,2
densidad_variable_3d.csv,3.09321,2.63418,3.94522,2
densidad_variable_3d.csv,3.02465,3.38442,2.69589,2
densidad_variable_3d.csv,3.18156,3.15555,2.05518,2
densidad_variable_3d.csv,4.00764,3.64532,2.8014,2
densidad_variable_3d.csv,2.44887,3.17378,3.04335,2
densidad_variable_3d.csv,3.17783,3.09579,3.25312,2
densidad_variable_3d.csv,3.72365,3.28405,2.47517,2
densidad_variable_3d.csv,3.68128,3.82031,4.57603,2
densidad_variable_3d.csv,2.43825,3.12144,1.95895,2
densidad_variable_3d.csv,3.27657,2.7259,3.96172,2
densidad_variable_3d.csv,2.61269,2.15541,2.76437,2
densidad_variable_3d.csv,2.01226,3.37555,1.96746,2
densidad_variable_3d.csv,3.01423,1.96109,2.83985,2
densidad_variable_3d.csv,3.82169,3.18032,2.56825,2
densidad_variable_3d.csv,2.9844,3.00901,3.23632,2
densidad_variable_3d.csv,2.31657,3.29628,1.6478,2
densidad_variable_3d.csv,2.68506,2.75586,3.31666,2
densidad_variable_3d.csv,3.01132,2.29722,2.5075,2
densidad_variable_3d.csv,3.09934,2.96047,2.71044,2
densidad_variable_3d.csv,2.75958,3.34808,2.74115,2
densidad_variable_3d.csv,2.95595,4.08497,2.28816,2
densidad_variable_3d.csv,2.07408,3.39179,2.66068,2
densidad_variable_3d.csv,2.84088,2.60942,2.8701,2
densidad_variable_3d.csv,3.79927,3.40106,3.43111,2
densidad_variable_3d.csv,2.29189,2.42442,1.58046,2
densidad_variable_3d.csv,2.59531,3.47835,3.25847,2
densidad_variable_3d.csv,2.88924,2.98885,2.65556,2
densidad_variable_3d.csv,3.10238,3.38294,2.19206,2
densidad_variable_3d.csv,3.14982,3.46622,2.79245,2
densidad_variable_3d.csv,3.35035,4.40733,2.94783,2
densidad_variable_3d.csv,3.19665,2.63097,3.09063,2
densidad_variable_3d.csv,3.23014,3.09742,2.49015,2
densidad_variable_3d.csv,3.10318,3.7311,3.22432,2
densidad_variable_3d.csv,3.48099,2.88149,3.37495,2
densidad_variable_3d.csv,3.13963,2.52454,3.15926,2
densidad_variable_3d.csv,2.50415,2.68356,3.09466,2
densidad_variable_3d.csv,3.14862,2.40538,3.52699,2
densidad_variable_3d.csv,3.286,2.64764,2.23121,2
densidad_variable_3d.csv,2.92755,2.77703,3.05657,2
densidad_variable_3d.csv,2.81844,1.99627,2.80583,2
densidad_variable_3d.csv,2.84719,3.31683,2.6509,2
densidad_variable_3d.csv,3.83934,2.04418,3.65558,2
densidad_variable_3d.csv,2.88784,3.42979,3.0399,2
densidad_variable_3d.csv,3.56978,2.80632,2.45069,2
densidad_variable_3d.csv,3.71025,2.94326,3.11078,2
densidad_variable_3d.csv,3.61738,2.48402,3.29775,2
densidad_variable_3d.csv,2.70505,2.93392,3.03614,2
densidad_variable_3d.csv,-4.80027,-3.9346,-1.37871,3
densidad_variable_3d.csv,-1.93657,-3.07517,-2.70825,3
densidad_variable_3d.csv,-3.35309,-1.3721,-3.24042,3
densidad_variable_3d.csv,-2.72179,-1.62476,-3.93285,3
densidad_variable_3d.csv,-1.12945,-4.83655,-1.04443,3
densidad_variable_3d.csv,-3.44721,-3.29124,-5.26801,3
densidad_variable_3d.csv,-3.54575,-4.24777,-3.72918,3
densidad_variable_3d.csv,-3.16477,-1.85065,-2.75088,3
densidad_variable_3d.csv,-2.63079,-4.31462,-4.0569,3
densidad_variable_3d.csv,-0.84153,-3.88224,-1.01255,3
densidad_variable_3d.csv,-3.29167,-2.99725,-1.71556,3
densidad_variable_3d.csv,-1.47373,-3.13298,-3.46589,3
densidad_variable_3d.csv,-3.0671,-2.59445,-1.93044,3
densidad_variable_3d.csv,-2.99492,-2.25734,-1.03397,3
densidad_variable_3d.csv,-2.54243,-2.62602,-4.82269,3
densidad_variable_3d.csv,-6.15688,-2.53395,-3.11379,3
densidad_variable_3d.csv,-3.61774,-2.70776,-3.07248,3
densidad_variable_3d.csv,-1.64666,-2.89667,-3.89631,3
densidad_variable_3d.csv,-1.8118,-3.26056,-2.36816,3
densidad_variable_3d.csv,-3.57289,-3.77979,-2.899,3
densidad_variable_3d.csv,-2.98461,-2.42421,-3.32237,3
densidad_variable_3d.csv,-5.20363,-3.51933,-2.04742,3
densidad_variable_3d.csv,-3.35685,-3.29566,-1.81635,3
densidad_variable_3d.csv,-3.85437,-4.85136,-3.19276,3
densidad_variable_3d.csv,-3.58101,-4.1595,-3.21045,3
densidad_variable_3d.csv,-2.41019,-3.01115,-2.63162,3
densidad_variable_3d.csv,-0.823911,-3.41145,-2.66598,3
densidad_variable_3d.csv,-3.61106,-4.01563,-3.70189,3
densidad_variable_3d.csv,-3.57451,-2.56863,-0.181109,3
densidad_variable_3d.csv,-3.85925,-3.49995,-3.07575,3
densidad_variable_3d.csv,-2.52504,-2.68374,-1.45909,3
densidad_variable_3d.csv,-5.91167,-5.86432,-3.59505,3
densidad_variable_3d.csv,-1.68324,-4.87878,-6.60916,3
densidad_variable_3d.csv,-2.31458,-2.70761,-4.30825,3
densidad_variable_3d.csv,-4.18265,-4.16369,-2.86736,3
densidad_variable_3d.csv,-3.75158,-2.40712,-6.42555,3
densidad_variable_3d.csv,-4.02822,-4.35126,-3.30761,3
densidad_variable_3d.csv,-3.64566,-2.04259,-5.2312,3
densidad_variable_3d.csv,-2.94541,-2.33,-0.772023,3
densidad_variable_3d.csv,-3.57812,-2.61065,-5.16464,3
densidad_variable_3d.csv,-5.87035,-1.98627,-3.00667,3
densidad_variable_3d.csv,-1.58578,-4.64808,-2.37612,3
densidad_variable_3d.csv,-0.757419,-2.49635,-2.6681,3
densidad_variable_3d.csv,-2.98973,-4.88506,-1.37331,3
densidad_variable_3d.csv,-3.73303,-2.39462,-4.87564,3
densidad_variable_3d.csv,-4.41535,-1.2779,-3.41676,3
densidad_variable_3d.csv,-1.25607,-3.09388,-5.21028,3
densidad_variable_3d.csv,-1.92952,-3.70787,-2.16157,3
densidad_variable_3d.csv,-2.96975,-4.85174,-2.80285,3
densidad_variable_3d.csv,-0.364532,-2.40842,-3.06902,3
densidad_variable_3d.csv,-1.70959,-2.7472,-2.74856,3
densidad_variable_3d.csv,-4.30995,-2.71938,-1.75747,3
densidad_variable_3d.csv,-4.00327,-1.29061,-3.11005,3
densidad_variable_3d.csv,-4.06532,-1.80284,-3.34415,3
densidad_variable_3d.csv,-2.08858,-3.35011,-3.07179,3
densidad_variable_3d.csv,-2.40773,-2.65092,-5.39464,3
densidad_variable_3d.csv,-4.34549,-1.88471,-3.15856,3
densidad_variable_3d.csv,-3.62848,-4.63029,-4.29568,3
densidad_variable_3d.csv,-5.42616,-3.12154,-3.71813,3
densidad_variable_3d.csv,-4.15991,-3.08175,-2.56324,3
densidad_variable_3d.csv,-0.488162,-4.81426,-1.60874,3
densidad_variable_3d.csv,-1.83228,-3.93491,-2.75612,3
densidad_variable_3d.csv,-3.54916,-2.77717,-1.18904,3
densidad_variable_3d.csv,-2.27327,-2.38967,-3.51637,3
densidad_variable_3d.csv,-4.78087,-3.25016,-1.55207,3
densidad_variable_3d.csv,-4.8326,-4.26611,-2.84848,3
densidad_variable_3d.csv,-4.18159,-3.95103,-3.50832,3
densidad_variable_3d.csv,-4.63874,-4.16895,-2.15589,3
densidad_variable_3d.csv,-4.56884,-4.91745,-3.75603,3
densidad_variable_3d.csv,-2.12165,-3.23631,-3.5575,3
densidad_variable_3d.csv,-2.94677,-5.09485,-2.40635,3
densidad_variable_3d.csv,-2.53988,-3.49117,-1.79289,3
densidad_variable_3d.csv,-4.353,-1.64651,-2.81461,3
densidad_variable_3d.csv,-3.40386,-3.02385,-3.12872,3
densidad_variable_3d.csv,-1.53566,-4.29201,-3.91502,3
densidad_variable_3d.csv,-1.75644,-3.71464,-1.91936,3
densidad_variable_3d.csv,-0.960677,-3.48215,-2.18237,3
densidad_variable_3d.csv,-4.38443,-2.09432,-2.76069,3
densidad_variable_3d.csv,-2.43235,-3.77469,-4.9933,3
densidad_variable_3d.csv,-2.3961,-5.47608,-3.38082,3
densidad_variable_3d.csv,-1.87058,-2.76972,-0.661989,3
densidad_variable_3d.csv,-1.76987,-3.78468,-2.96722,3
densidad_variable_3d.csv,-3.05684,-4.89861,-4.12848,3
densidad_variable_3d.csv,-3.67291,-5.44346,-2.94301,3
densidad_variable_3d.csv,-3.29889,-5.00747,-2.51494,3
densidad_variable_3d.csv,-2.14095,-2.72756,-3.38888,3
densidad_variable_3d.csv,-2.29027,-2.18374,-2.63112,3
densidad_variable_3d.csv,-3.98953,-2.66808,-1.56542,3
densidad_variable_3d.csv,-3.71595,-0.482473,-3.63076,3
densidad_variable_3d.csv,-2.96111,-3.80698,-2.73207,3
densidad_variable_3d.csv,-5.09067,-3.65525,-4.31055,3
densidad_variable_3d.csv,-2.83759,-1.80666,-2.22479,3
densidad_variable_3d.csv,-5.84599,-0.549516,-2.64566,3
densidad_variable_3d.csv,-3.9318,-2.81145,-2.78857,3
densidad_variable_3d.csv,-3.80022,-2.7625,-3.72897,3
densidad_variable_3d.csv,-3.48523,-3.82353,-4.71921,3
densidad_variable_3d.csv,-2.825,-2.29764,-2.38214,3
densidad_variable_3d.csv,-2.01609,-2.61079,-3.63927,3
densidad_variable_3d.csv,-1.9924,-4.62902,-4.08081,3
densidad_variable_3d.csv,-4.15704,-1.70393,-1.86865,3
densidad_variable_3d.csv,-2.41523,-1.71368,-4.05514,3
densidad_variable_3d.csv,-2.58169,-3.15021,-1.98374,3
densidad_variable_3d.csv,-3.13827,-3.46193,-2.35091,3
densidad_variable_3d.csv,-1.9486,-3.80201,-3.07329,3
densidad_variable_3d.csv,-4.27013,-5.99767,-2.75945,3
densidad_variable_3d.csv,-2.26931,-2.68552,-5.33947,3
densidad_variable_3d.csv,-3.42102,-5.66202,-1.35636,3
densidad_variable_3d.csv,-4.30327,-1.49352,-1.86496,3
densidad_variable_3d.csv,-4.08071,-4.35934,-2.57956,3
densidad_variable_3d.csv,-4.01319,-2.87702,-3.57939,3
densidad_variable_3d.csv,-5.13739,-5.67656,-2.72798,3
densidad_variable_3d.csv,-3.67387,-3.66371,-2.16496,3
densidad_variable_3d.csv,-1.59187,-3.32705,-3.40872,3
densidad_variable_3d.csv,-2.39983,-4.62832,-2.73222,3
densidad_variable_3d.csv,-2.33774,-2.18372,-5.3241,3
densidad_variable_3d.csv,-3.91363,-4.05392,-2.88014,3
densidad_variable_3d.csv,-2.42311,-1.20395,-3.59396,3
densidad_variable_3d.csv,-3.59709,-1.62039,-2.64411,3
densidad_variable_3d.csv,-1.47882,-2.65353,-4.38854,3
densidad_variable_3d.csv,-4.59975,-4.86181,-2.20554,3
densidad_variable_3d.csv,-1.57368,-0.780765,-1.98827,3
densidad_variable_3d.csv,-1.60459,-3.69602,-4.3877,3
densidad_variable_3d.csv,-1.9799,-2.49878,-2.87107,3
densidad_variable_3d.csv,-2.53515,-2.61218,-1.45942,3
densidad_variable_3d.csv,-1.44602,-2.34694,-1.98504,3
densidad_variable_3d.csv,-2.38312,-3.5534,-2.09212,3
densidad_variable_3d.csv,-4.67339,-1.73533,-4.43343,3
densidad_variable_3d.csv,-2.65704,-4.01418,-2.33593,3
densidad_variable_3d.csv,-3.04071,-4.91371,-2.49516,3
densidad_variable_3d.csv,-3.6935,-1.94262,-2.99841,3
densidad_variable_3d.csv,-2.52549,-4.14908,-3.7072,3
densidad_variable_3d.csv,-3.55037,-1.97196,-0.987147,3
densidad_variable_3d.csv,-3.96621,-1.70778,-5.60361,3
densidad_variable_3d.csv,-4.43303,-4.15053,-4.62301,3
densidad_variable_3d.csv,-4.90031,-2.5044,-3.25688,3
densidad_variable_3d.csv,-2.54471,-2.17143,-2.68126,3
densidad_variable_3d.csv,-2.21068,-3.08344,-4.42439,3
densidad_variable_3d.csv,-1.73062,-3.70693,-4.12272,3
densidad_variable_3d.csv,-3.2135,-4.09537,-3.50092,3
densidad_variable_3d.csv,-2.58714,-2.58199,-4.0774,3
densidad_variable_3d.csv,-3.58525,-1.7108,-2.40432,3
densidad_variable_3d.csv,-0.509922,-1.58385,-1.62685,3
densidad_variable_3d.csv,-4.66544,-2.08337,-3.06373,3
densidad_variable_3d.csv,-3.66118,-2.79838,-1.86575,3
densidad_variable_3d.csv,-2.399,-4.05417,-2.10905,3
densidad_variable_3d.csv,-3.76511,-2.73998,-3.36402,3
densidad_variable_3d.csv,-3.26264,-2.08051,-4.24823,3
densidad_variable_3d.csv,-0.665766,-5.1853,-3.7172,3
densidad_variable_3d.csv,-2.55575,-2.29882,-3.12057,3
densidad_variable_3d.csv,-3.06887,-2.50734,-3.27728,3
densidad_variable_3d.csv,-1.32818,-1.99278,-1.95261,3
densidad_variable_3d.csv,-4.15939,-3.09527,-3.36056,3
densidad_variable_3d.csv,-4.20672,-2.5678,-3.64517,3
densidad_variable_3d.csv,-2.21352,-4.28423,-0.937151,3
densidad_variable_3d.csv,-4.0756,-2.73684,-2.04977,3
densidad_variable_3d.csv,-3.68477,-1.97704,-4.47502,3
densidad_variable_3d.csv,-1.25746,-2.98302,-3.71569,3
densidad_variable_3d.csv,-3.35902,-2.0293,-3.70135,3
densidad_variable_3d.csv,-3.89923,-3.26584,-4.41235,3
densidad_variable_3d.csv,-0.815347,-3.67967,-2.00206,3
densidad_variable_3d.csv,-2.74864,-4.18144,-3.00715,3
densidad_variable_3d.csv,-2.0592,-3.22591,-1.56826,3
densidad_variable_3d.csv,-1.77418,-1.8973,-3.55159,3
densidad_variable_3d.csv,-4.29581,-3.73631,-2.76451,3
densidad_variable_3d.csv,-2.34506,-5.60589,-3.00974,3
densidad_variable_3d.csv,-2.81029,-3.33305,-1.45047,3
densidad_variable_3d.csv,-2.49386,-1.42777,-3.25915,3
densidad_variable_3d.csv,-1.87503,-1.03792,-1.42597,3
densidad_variable_3d.csv,-4.31057,-3.30441,-3.4142,3
densidad_variable_3d.csv,-2.41289,-2.17638,-4.00667,3
densidad_variable_3d.csv,-2.91859,-5.42391,-1.26967,3
densidad_variable_3d.csv,-3.61485,-2.93296,-3.37158,3
densidad_variable_3d.csv,-1.62477,-6.40501,-3.01993,3
densidad_variable_3d.csv,-3.12698,-3.54436,-0.928528,3
densidad_variable_3d.csv,-4.0648,-2.07384,-2.5725,3
densidad_variable_3d.csv,-1.48618,-3.80063,-3.87956,3
densidad_variable_3d.csv,-1.68472,-2.48961,-4.85392,3
densidad_variable_3d.csv,-3.64717,-2.53634,-1.99468,3
densidad_variable_3d.csv,-3.81508,-6.49711,-2.37213,3
densidad_variable_3d.csv,-4.46438,-5.42081,-6.39879,-1
densidad_variable_3d.csv,-2.02322,-2.84566,-3.27079,3
densidad_variable_3d.csv,-1.33317,-2.23521,-1.06044,3
densidad_variable_3d.csv,-4.67128,-3.04146,-4.94006,3
densidad_variable_3d.csv,-3.27526,-3.29834,-2.24806,3
densidad_variable_3d.csv,-2.94532,-2.25191,-2.15587,3
densidad_variable_3d.csv,-0.414086,-3.37836,-4.12923,3
densidad_variable_3d.csv,-2.7047,-3.96274,-1.22165,3
densidad_variable_3d.csv,-3.33986,-3.67869,-3.56558,3
densidad_variable_3d.csv,-2.1379,-3.1893,-3.77,3
densidad_variable_3d.csv,-1.00158,-4.0274,-2.95732,3
densidad_variable_3d.csv,-2.21723,-4.9576,-2.42369,3
densidad_variable_3d.csv,-4.26613,-2.01266,-4.15518,3
densidad_variable_3d.csv,-2.16868,-1.673,-1.96628,3
densidad_variable_3d.csv,-2.69842,-3.27756,-3.6917,3
densidad_variable_3d.csv,-1.23476,-3.83939,-4.24448,3
densidad_variable_3d.csv,-2.20156,-3.95536,-4.14008,3
densidad_variable_3d.csv,-4.73233,-3.57949,-3.09926,3
densidad_variable_3d.csv,-2.70829,-1.85843,-2.36772,3
densidad_variable_3d.csv,-3.22905,-3.23783,-2.38781,3
densidad_variable_3d.csv,-1.47292,-2.84842,-3.56296,3
densidad_variable_3d.csv,-4.19144,-4.73425,-2.20048,3
densidad_variable_3d.csv,-2.30643,-2.30716,-3.15439,3
densidad_variable_3d.csv,-1.31168,-3.58094,-1.85368,3
densidad_variable_3d.csv,-3.04649,-3.73002,-2.28896,3
densidad_variable_3d.csv,-2.50844,-2.57163,-2.90247,3
densidad_variable_3d.csv,-3.04547,-0.133954,-1.57889,3
densidad_variable_3d.csv,-2.13261,-2.86584,-1.79141,3
densidad_variable_3d.csv,-2.37841,-2.96855,-3.36428,3
densidad_variable_3d.csv,-3.0971,-6.80451,-2.74728,3
densidad_variable_3d.csv,-3.58617,-1.0888,-2.97679,3
densidad_variable_3d.csv,-4.42676,-3.05986,-4.25535,3
densidad_variable_3d.csv,-2.43191,-2.65086,-1.85059,3
densidad_variable_3d.csv,-3.94906,-2.95919,-4.63803,3
densidad_variable_3d.csv,-2.15821,-2.37735,-2.40503,3
densidad_variable_3d.csv,-2.99806,-2.50227,-1.07479,3
densidad_variable_3d.csv,-3.34211,-2.83363,-4.30335,3
densidad_variable_3d.csv,-4.04191,-2.88262,-1.67528,3
densidad_variable_3d.csv,-3.30754,-3.2831,-3.48826,3
densidad_variable_3d.csv,-3.64171,-2.64603,-4.79671,3
densidad_variable_3d.csv,-1.46287,-3.79851,-2.13372,3
densidad_variable_3d.csv,-4.524,-2.19739,-2.19367,3
densidad_variable_3d.csv,-2.53896,-4.19331,-2.70054,3
densidad_variable_3d.csv,-4.41967,-3.30332,-1.7647,3
densidad_variable_3d.csv,-2.04396,-2.98178,-4.16977,3
densidad_variable_3d.csv,-2.22529,-2.97674,-5.78438,3
densidad_variable_3d.csv,-2.06084,-3.02908,-1.55706,3
densidad_variable_3d.csv,-4.31432,-6.81204,-2.6651,3
densidad_variable_3d.csv,-2.65012,-5.02881,-4.1742,3
densidad_variable_3d.csv,0.306261,-3.36673,-2.12285,3
densidad_variable_3d.csv,-3.78079,-5.50836,-3.20431,3
densidad_variable_3d.csv,-3.31873,-3.47985,-3.13757,3
densidad_variable_3d.csv,-2.68288,-3.18014,-4.51681,3
densidad_variable_3d.csv,-2.41658,-5.33925,-5.46043,3
densidad_variable_3d.csv,-2.11298,-2.39158,-3.06887,3
densidad_variable_3d.csv,-4.67454,-3.84949,-3.3153,3
densidad_variable_3d.csv,-4.91507,-3.88683,-2.2172,3
densidad_variable_3d.csv,-1.28723,-3.50332,-2.09221,3
densidad_variable_3d.csv,-5.29687,-2.20866,-3.96474,3
densidad_variable_3d.csv,-2.63119,-3.2973,-1.4155,3
densidad_variable_3d.csv,-4.04932,-2.24687,-3.33541,3
densidad_variable_3d.csv,-3.18997,-3.22062,-4.01481,3
densidad_variable_3d.csv,-3.01692,-3.07518,-2.71051,3
densidad_variable_3d.csv,-2.89859,-2.04241,-1.89179,3
densidad_variable_3d.csv,-4.26075,-1.95747,-4.4236,3
densidad_variable_3d.csv,-2.29457,-2.25631,-5.29358,3
densidad_variable_3d.csv,-2.88842,-3.5622,-3.91052,3
densidad_variable_3d.csv,-1.37898,-3.78441,-3.96765,3
densidad_variable_3d.csv,-2.90917,-2.17729,-3.16998,3
densidad_variable_3d.csv,-1.60036,-2.36283,-5.61385,3
densidad_variable_3d.csv,-3.63536,-3.67421,-2.42477,3
densidad_variable_3d.csv,-6.14978,0.0588117,-2.36277,3
densidad_variable_3d.csv,-2.82135,-1.58212,-0.187615,3
densidad_variable_3d.csv,-1.9551,-1.86142,-2.84317,3
densidad_variable_3d.csv,-3.16983,-3.57095,-3.99133,3
densidad_variable_3d.csv,-3.82442,-4.62067,-3.09105,3
densidad_variable_3d.csv,-5.0216,-2.7709,-3.0436,3
densidad_variable_3d.csv,-2.82368,-3.62656,0.692232,3
densidad_variable_3d.csv,-1.36786,-4.49345,-2.72056,3
densidad_variable_3d.csv,-3.72961,-4.21738,-4.60809,3
densidad_variable_3d.csv,-2.48134,-3.81766,-1.83861,3
densidad_variable_3d.csv,-1.80746,-1.3513,-4.02286,3
densidad_variable_3d.csv,-2.42956,-2.24105,-3.56901,3
densidad_variable_3d.csv,-3.92613,-1.06858,-2.727,3
densidad_variable_3d.csv,-2.23684,-3.98649,-4.46314,3
densidad_variable_3d.csv,-3.68334,-3.14883,-4.27706,3
densidad_variable_3d.csv,-3.01181,-5.02621,-4.34406,3
densidad_variable_3d.csv,-2.19491,-2.27545,-3.47025,3
densidad_variable_3d.csv,-4.22132,-4.23288,-3.44792,3
densidad_variable_3d.csv,-2.22658,-1.88611,-3.59584,3
densidad_variable_3d.csv,-4.38419,-2.67859,-3.98824,3
densidad_variable_3d.csv,-3.6219,-1.40967,-2.00746,3
densidad_variable_3d.csv,-2.81043,-4.5263,-2.74632,3
densidad_variable_3d.csv,-1.72481,-3.45076,-1.37866,3
densidad_variable_3d.csv,-1.44871,-1.00352,-2.63371,3
densidad_variable_3d.csv,-2.29513,-1.30298,-2.46313,3
densidad_variable_3d.csv,-3.60148,-3.53825,-2.71373,3
densidad_variable_3d.csv,-4.54867,-3.17191,-1.68414,3
densidad_variable_3d.csv,-5.6295,-1.15862,-1.65315,3
densidad_variable_3d.csv,-3.55172,-2.34793,-2.99622,3
densidad_variable_3d.csv,-1.52401,-1.82078,-4.68008,3
densidad_variable_3d.csv,-2.29529,-3.24675,-2.9006,3
densidad_variable_3d.csv,-3.87381,-0.902236,-1.75193,3
densidad_variable_3d.csv,-3.88773,-4.60153,-3.46281,3
densidad_variable_3d.csv,-2.4786,-2.71175,-1.49624,3
densidad_variable_3d.csv,-2.0521,-1.83652,-2.60777,3
densidad_variable_3d.csv,-4.66716,-3.23484,-1.72789,3
densidad_variable_3d.csv,-3.06183,-2.39629,-3.3825,3
densidad_variable_3d.csv,-4.23577,-3.14801,-2.62914,3
densidad_variable_3d.csv,-3.78683,-3.28285,-4.12736,3
densidad_variable_3d.csv,-1.65691,-3.35335,-1.25669,3
densidad_variable_3d.csv,-1.1655,-3.09726,-4.21014,3
densidad_variable_3d.csv,-5.50308,-4.76644,-4.6486,3
densidad_variable_3d.csv,-1.34584,-2.86101,-2.53247,3
densidad_variable_3d.csv,-5.66451,-4.43756,-1.9355,3
densidad_variable_3d.csv,-2.65587,-3.17665,-2.32219,3
densidad_variable_3d.csv,-1.03704,-3.26525,-2.91676,3
densidad_variable_3d.csv,-2.76888,-0.129468,-5.51923,-1
densidad_variable_3d.csv,-2.18013,-3.13776,-2.31987,3
densidad_variable_3d.csv,-3.78885,-3.05876,-2.14631,3
densidad_variable_3d.csv,0.735492,-2.03036,-4.01768,3
